rank_order,rank,name,scores_overall,scores_overall_rank,scores_teaching,scores_teaching_rank,scores_research,scores_research_rank,scores_citations,scores_citations_rank,scores_industry_income,scores_industry_income_rank,scores_international_outlook,scores_international_outlook_rank,location
10,1,University of Oxford,95.7,10,91.0,5,99.6,1,98.0,40,74.4,161,96.3,26,United Kingdom
20,2,California Institute of Technology,95.0,20,93.6,2,96.9,4,97.8,44,90.4,78,83.8,167,United States
30,2,Harvard University,95.0,30,94.5,1,98.9,3,99.2,19,48.9,418,79.8,209,United States
40,4,Stanford University,94.9,40,92.3,3,96.8,5,99.9,13,91.0,74,79.7,211,United States
50,5,University of Cambridge,94.6,50,90.9,6,99.5,2,96.2,65,56.7,300,95.8,32,United Kingdom
60,5,Massachusetts Institute of Technology,94.6,60,90.9,7,94.4,10,99.7,16,93.7,61,89.9,106,United States
70,7,Princeton University,93.6,70,89.5,9,96.0,7,99.0,27,88.8,84,80.7,197,United States
80,8,"University of California, Berkeley",92.2,80,85.7,14,96.0,6,99.1,21,84.7,104,77.6,234,United States
90,9,Yale University,90.8,90,90.7,8,93.0,12,97.0,55,56.2,306,69.9,323,United States
100,10,The University of Chicago,89.8,100,87.2,12,90.6,15,98.3,36,56.3,304,74.4,261,United States
110,11,Columbia University,89.6,110,87.8,11,89.6,19,97.3,50,48.0,440,79.8,208,United States
120,12,Imperial College London,89.3,120,81.4,17,88.3,22,97.6,46,70.8,187,97.5,15,United Kingdom
130,13,Johns Hopkins University,88.4,130,80.0,20,90.8,14,97.2,52,93.7,60,74.6,260,United States
140,13,University of Pennsylvania,88.4,140,84.5,15,89.2,20,97.1,53,77.6,138,69.7,326,United States
150,15,ETH Zurich,88.2,150,81.3,18,92.4,13,90.7,128,62.5,243,97.9,13,Switzerland
160,16,Peking University,87.5,160,91.4,4,94.6,9,81.7,258,93.1,63,65.1,381,China
170,16,Tsinghua University,87.5,170,88.1,10,95.7,8,86.8,192,100.0,11,50.6,622,China
180,18,University of Toronto,87.2,180,77.6,25,93.0,11,92.6,112,61.2,256,89.1,117,Canada
190,18,UCL,87.2,190,76.8,26,88.9,21,96.9,58,44.7,535,96.7,22,United Kingdom
200,20,"University of California, Los Angeles",86.7,200,82.1,16,89.8,18,96.0,66,56.5,301,65.1,380,United States
210,21,National University of Singapore,85.2,210,76.3,27,90.6,16,87.3,182,75.4,154,94.4,56,Singapore
220,22,Cornell University,85.0,220,78.6,22,85.4,23,97.2,51,38.3,939,75.4,256,United States
230,23,Duke University,83.5,230,79.2,21,78.6,31,95.6,70,99.0,28,66.6,364,United States
240,24,University of Michigan-Ann Arbor,83.1,240,78.6,23,85.4,24,94.0,93,48.9,419,59.5,467,United States
250,24,Northwestern University,83.1,250,74.3,29,82.1,26,97.6,47,81.6,112,65.3,378,United States
260,26,New York University,82.4,260,75.4,28,83.1,25,94.7,82,41.4,692,72.3,288,United States
270,27,London School of Economics and Political Science,80.8,270,68.0,34,80.8,27,94.4,85,35.8,1278,92.7,77,United Kingdom
280,28,Carnegie Mellon University,80.6,280,64.7,44,80.0,28,99.0,26,59.0,275,80.8,195,United States
290,29,University of Washington,79.8,290,68.8,32,78.8,30,99.0,28,46.3,492,61.7,431,United States
300,30,University of Edinburgh,78.9,300,66.1,42,74.2,36,95.6,71,40.2,775,95.2,41,United Kingdom
310,30,University of Hong Kong,78.9,310,66.2,41,72.2,41,95.0,78,58.5,282,98.8,7,Hong Kong
320,32,LMU Munich,78.6,320,68.1,33,77.9,32,90.3,141,100.0,5,69.1,334,Germany
330,33,University of Melbourne,77.8,330,67.5,37,73.8,38,88.4,169,74.9,158,94.0,58,Australia
340,34,"University of California, San Diego",77.7,340,60.5,56,75.6,34,97.9,41,96.6,45,68.1,342,United States
350,35,King’s College London,76.0,350,57.6,65,71.2,44,96.9,57,43.7,577,95.9,30,United Kingdom
360,35,The University of Tokyo,76.0,360,86.9,13,90.3,17,58.2,623,88.1,88,42.0,836,Japan
370,37,University of British Columbia,75.8,370,61.6,54,74.0,37,89.4,150,47.4,453,94.9,45,Canada
380,38,Technical University of Munich,75.6,380,64.5,45,74.8,35,85.5,210,100.0,10,76.1,252,Germany
390,39,Karolinska Institute,74.3,390,55.1,82,71.0,47,94.2,87,70.5,192,86.2,148,Sweden
400,40,École Polytechnique Fédérale de Lausanne,74.1,400,63.8,48,67.0,56,85.5,209,74.9,157,98.3,11,Switzerland
410,40,Paris Sciences et Lettres – PSL Research University Paris,74.1,410,69.1,31,71.2,45,80.1,287,78.7,132,80.5,200,France
420,42,Universität Heidelberg,73.6,420,67.9,35,59.9,78,95.5,74,54.2,329,69.6,327,Germany
430,42,KU Leuven,73.6,430,59.1,61,73.2,40,86.2,201,99.2,26,74.2,264,Belgium
440,44,McGill University,73.4,440,63.3,50,70.9,48,83.9,234,45.3,518,91.5,92,Canada
450,45,Georgia Institute of Technology,73.3,450,58.2,63,69.4,53,91.4,124,71.4,183,77.7,232,United States
460,46,"Nanyang Technological University, Singapore",73.0,460,57.2,68,70.3,49,85.1,216,87.0,92,93.9,59,Singapore
470,47,University of Texas at Austin,72.9,470,67.9,36,71.5,43,89.4,153,50.1,393,39.8,899,United States
480,48,University of Illinois at Urbana-Champaign,72.6,480,65.7,43,77.3,33,80.9,270,50.0,395,55.4,531,United States
490,49,Chinese University of Hong Kong,71.3,490,55.1,80,58.6,85,95.0,77,60.2,265,95.0,43,Hong Kong
500,50,University of Manchester,71.2,500,56.4,74,65.0,62,89.1,159,45.6,504,92.4,82,United Kingdom
510,51,Washington University in St Louis,70.7,510,60.5,57,57.5,92,98.5,34,44.9,529,62.1,424,United States
520,52,University of North Carolina at Chapel Hill,70.6,520,62.2,52,63.4,65,95.6,72,45.0,526,41.1,867,United States
530,53,Wageningen University & Research,70.1,530,50.1,103,58.1,89,95.6,73,100.0,12,86.4,147,Netherlands
540,54,Australian National University,70.0,540,49.8,104,67.7,55,87.8,176,47.8,444,96.5,23,Australia
550,54,The University of Queensland,70.0,550,55.0,84,62.0,70,85.8,204,86.2,97,93.4,72,Australia
560,54,Seoul National University,70.0,560,73.8,30,73.8,39,68.5,454,98.2,32,36.9,985,South Korea
570,57,Monash University,69.9,570,54.3,89,61.7,71,87.7,178,79.2,128,91.0,95,Australia
580,58,The University of Sydney,69.8,580,51.8,94,62.2,68,90.5,136,66.1,214,90.9,96,Australia
590,58,University of Wisconsin-Madison,69.8,590,67.4,38,69.5,52,79.2,297,47.5,452,50.4,629,United States
600,60,Fudan University,69.7,600,66.8,40,68.4,54,79.0,300,70.7,189,48.6,662,China
610,61,Kyoto University,69.6,610,78.5,24,78.9,29,58.3,621,80.8,117,38.2,947,Japan
620,62,Boston University,69.5,620,57.3,66,60.2,76,93.8,96,46.5,483,65.5,376,United States
630,63,University of Southern California,69.3,630,62.1,53,58.8,82,90.3,142,41.2,707,65.5,377,United States
640,64,Brown University,69.1,640,62.2,51,56.6,95,92.9,107,37.4,1037,61.9,429,United States
650,65,University of Amsterdam,68.9,650,49.0,110,63.3,66,91.6,121,41.6,675,89.8,107,Netherlands
660,66,The Hong Kong University of Science and Technology,68.8,660,50.9,99,62.1,69,86.6,193,65.1,222,97.6,14,Hong Kong
670,67,"University of California, Davis",67.9,670,58.8,62,64.6,64,81.5,259,50.7,381,68.9,337,United States
680,68,"University of California, Santa Barbara",67.7,680,45.2,149,58.9,79,96.6,62,79.8,125,73.6,272,United States
690,69,Utrecht University,67.6,690,46.6,135,63.1,67,90.1,145,77.0,141,76.3,247,Netherlands
700,70,UNSW Sydney,67.4,700,50.4,101,60.4,74,84.1,231,72.7,177,95.2,42,Australia
710,71,Leiden University,67.1,710,44.8,156,65.1,61,86.8,190,71.8,179,84.1,164,Netherlands
720,72,Erasmus University Rotterdam,67.0,720,40.2,214,57.8,91,97.0,54,76.5,146,88.5,126,Netherlands
730,73,Charité - Universitätsmedizin Berlin,66.8,730,48.6,114,50.6,120,98.7,30,92.2,66,68.1,344,Germany
740,74,Humboldt University of Berlin,66.3,740,59.9,59,66.7,57,73.5,386,41.6,679,70.1,319,Germany
750,75,Delft University of Technology,65.8,750,57.1,69,71.1,46,59.4,600,97.7,36,93.6,66,Netherlands
760,75,Zhejiang University,65.8,760,67.2,39,69.9,51,58.6,616,100.0,14,61.6,433,China
770,75,University of Zurich,65.8,770,52.2,92,49.6,127,89.4,154,61.9,250,92.5,80,Switzerland
780,78,University of Tübingen,65.4,780,53.3,90,58.7,84,82.9,244,82.7,109,65.2,379,Germany
790,78,University of Warwick,65.4,790,46.9,129,53.0,108,90.7,131,44.8,531,94.5,55,United Kingdom
800,80,University of Groningen,65.2,800,42.5,180,55.3,101,90.6,133,81.1,115,88.7,123,Netherlands
810,80,McMaster University,65.2,810,44.3,160,50.6,121,93.1,105,98.3,31,85.1,158,Canada
820,82,Emory University,65.1,820,55.1,81,44.9,166,98.1,38,48.2,431,59.7,461,United States
830,83,Free University of Berlin,64.8,830,55.4,78,65.2,59,72.9,393,41.9,656,75.7,254,Germany
840,84,Shanghai Jiao Tong University,64.7,840,64.2,46,71.9,42,59.3,605,100.0,9,47.0,706,China
850,85,Ohio State University (Main campus),63.8,850,54.7,87,52.2,111,86.1,202,53.2,339,60.6,448,United States
860,86,University of Glasgow,63.7,860,41.9,185,49.9,126,94.0,92,40.7,739,93.1,73,United Kingdom
870,86,University of Minnesota,63.7,870,55.9,75,57.9,90,81.7,256,80.4,120,40.8,874,United States
880,88,University of Montreal,63.6,880,50.4,100,52.9,109,81.7,257,69.5,199,85.7,152,Canada
890,88,University of Science and Technology of China,63.6,890,63.4,49,61.5,73,72.8,394,70.3,193,34.5,1038,China
900,88,Sorbonne University,63.6,900,61.0,55,53.6,106,76.6,343,38.2,956,70.4,311,France
910,91,Hong Kong Polytechnic University,63.3,910,45.4,147,53.9,105,83.7,236,46.0,496,97.1,19,Hong Kong
920,91,Institut Polytechnique de Paris,63.3,920,57.3,67,54.7,102,69.0,443,77.1,140,94.5,53,France
930,92,University of Bristol,63.1,930,40.6,199,49.2,130,94.7,81,43.7,573,89.1,116,United Kingdom
940,93,"University of Maryland, College Park",63.0,940,49.3,108,56.8,94,89.8,147,39.3,845,42.9,811,United States
950,93,Michigan State University,63.0,950,58.1,64,56.1,97,77.2,330,37.7,1019,62.0,427,United States
960,96,University of Copenhagen,62.7,960,46.8,130,47.1,143,88.8,161,54.4,324,86.8,142,Denmark
970,96,Ghent University,62.7,970,48.9,111,58.4,87,79.2,294,83.3,107,62.4,419,Belgium
980,98,"University of California, Irvine",62.4,980,42.5,179,49.0,133,93.8,97,52.0,359,73.2,277,United States
990,99,Dartmouth College,62.3,990,60.1,58,40.2,216,93.6,100,38.9,871,41.7,845,United States
1000,99,Korea Advanced Institute of Science and Technology (KAIST),62.3,1000,64.1,47,66.5,58,59.3,604,100.0,4,38.0,956,South Korea
1010,101,University of Bern,62.2,1010,45.0,153,44.9,164,88.2,170,90.6,77,87.3,136,Switzerland
1020,101,University of Helsinki,62.2,1020,44.3,159,56.9,93,88.5,165,37.8,1002,57.3,502,Finland
1030,103,University of Basel,62.1,1030,42.9,176,42.0,196,89.5,148,99.9,15,97.0,21,Switzerland
1040,104,Aarhus University,61.7,1040,39.3,228,58.4,86,82.4,248,74.9,156,76.9,243,Denmark
1050,105,University of Birmingham,61.5,1050,40.3,211,45.2,159,93.3,102,40.6,745,91.7,88,United Kingdom
1060,105,Nanjing University,61.5,1060,54.9,85,54.6,104,74.0,377,86.8,94,56.6,513,China
1070,105,Purdue University West Lafayette,61.5,1070,56.7,71,65.2,60,59.6,598,68.9,201,70.9,308,United States
1080,108,University of Freiburg,61.4,1080,47.1,126,51.8,114,82.2,251,97.2,40,61.4,435,Germany
1090,108,RWTH Aachen University,61.4,1090,55.3,79,61.6,72,64.1,520,98.7,30,62.0,428,Germany
1100,110,University of Sheffield,61.3,1100,45.5,145,46.4,151,86.3,198,48.8,421,87.8,132,United Kingdom
1110,111,University of Adelaide,61.2,1110,35.6,310,45.2,158,94.3,86,65.5,219,93.7,65,Australia
1120,112,University of Bonn,61.1,1120,48.4,117,48.7,134,85.2,214,55.5,313,67.1,352,Germany
1130,113,National Taiwan University (NTU),61.0,1130,55.8,76,64.7,63,64.8,504,75.4,155,46.9,708,Taiwan
1140,113,Vanderbilt University,61.0,1140,48.6,115,43.8,173,94.1,90,56.9,299,48.7,661,United States
1150,115,Vrije Universiteit Amsterdam,60.9,1150,39.9,218,51.5,117,87.8,177,59.3,273,75.4,257,Netherlands
1160,116,Lund University,60.8,1160,39.6,225,53.1,107,83.1,243,82.0,111,79.9,206,Sweden
1170,117,Université Paris-Saclay,60.4,1170,51.6,96,47.9,138,80.2,282,56.4,303,68.2,340,France
1180,117,Queen Mary University of London,60.4,1180,33.7,364,41.6,201,98.1,39,42.7,620,97.1,20,United Kingdom
1190,119,University of Göttingen,60.1,1190,46.8,131,50.0,124,84.9,223,37.7,1013,62.2,422,Germany
1200,119,University of Oslo,60.1,1200,40.5,206,46.5,149,89.5,149,44.3,550,80.4,202,Norway
1210,119,Penn State (Main campus),60.1,1210,49.3,109,60.3,75,75.3,358,40.7,741,47.5,687,United States
1220,122,Lancaster University,60.0,1220,38.6,243,40.9,208,93.9,95,36.4,1165,94.6,50,United Kingdom
1230,122,Sungkyunkwan University (SKKU),60.0,1230,56.9,70,60.2,77,60.7,585,99.4,23,56.3,523,South Korea
1240,124,University of Southampton,59.9,1240,39.9,217,42.1,195,90.6,134,43.4,590,94.5,54,United Kingdom
1250,125,University of Alberta,59.6,1250,48.2,118,50.7,119,71.9,403,64.7,229,88.9,119,Canada
1260,126,Case Western Reserve University,59.4,1260,47.6,119,41.7,198,91.9,117,41.7,669,53.8,562,United States
1270,127,University of Leeds,59.2,1270,43.7,164,46.5,148,81.1,264,39.8,796,90.3,99,United Kingdom
1280,127,Maastricht University,59.2,1280,39.8,222,50.0,125,76.1,347,84.6,105,98.1,12,Netherlands
1290,127,University of Virginia (Main campus),59.2,1290,49.4,107,41.2,204,90.5,137,43.1,608,51.0,617,United States
1300,130,Georgetown University,59.1,1300,55.0,83,35.3,284,88.8,162,70.2,194,48.9,653,United States
1310,131,Uppsala University,59.0,1310,38.5,245,55.8,98,78.4,313,71.8,180,71.4,303,Sweden
1320,132,Arizona State University (Tempe),58.6,1320,46.3,137,49.2,129,80.9,269,38.5,915,62.8,409,United States
1330,132,University of Hamburg,58.6,1330,45.4,146,52.5,110,74.9,363,93.8,57,58.7,479,Germany
1340,132,The University of Western Australia,58.6,1340,34.4,350,43.6,178,88.0,174,65.0,225,95.5,37,Australia
1350,136,Rice University,58.5,1350,47.3,123,37.5,254,87.2,184,44.2,554,77.8,230,United States
1360,137,University of Auckland,58.4,1360,34.0,357,46.3,152,84.8,226,69.4,200,94.6,49,New Zealand
1370,137,University of Vienna,58.4,1370,46.9,128,55.4,100,65.4,496,37.8,1012,95.4,38,Austria
1380,139,Radboud University Nijmegen,58.3,1380,35.5,316,50.4,123,85.9,203,44.4,542,74.8,259,Netherlands
1390,139,Technical University of Berlin,58.3,1390,50.2,102,55.4,99,64.1,521,96.9,43,66.8,361,Germany
1400,140,University of Pittsburgh-Pittsburgh campus,58.2,1400,45.6,143,42.3,193,91.7,119,42.6,623,43.6,793,United States
1410,141,University of Nottingham,58.1,1410,43.6,167,44.2,171,80.1,286,40.5,757,89.2,114,United Kingdom
1420,142,University of Rochester,57.9,1420,44.9,155,39.3,227,86.4,195,50.5,386,73.1,279,United States
1430,143,University of Antwerp,57.8,1430,35.4,318,47.0,144,85.4,211,85.7,99,70.6,310,Belgium
1440,143,University of Exeter,57.8,1440,33.9,358,39.3,225,93.5,101,37.5,1031,91.6,90,United Kingdom
1450,143,University of Technology Sydney,57.8,1450,36.5,293,43.7,176,83.7,237,55.0,317,97.2,18,Australia
1460,146,University of Mannheim,57.6,1460,43.0,173,50.5,122,76.6,342,60.7,261,67.5,350,Germany
1470,146,Newcastle University,57.6,1470,34.1,356,39.8,223,92.8,108,42.3,641,87.5,135,United Kingdom
1480,146,Trinity College Dublin,57.6,1480,40.4,209,45.0,163,79.5,290,42.1,649,95.0,44,Ireland
1490,146,Ulm University,57.6,1490,39.8,223,38.6,237,92.4,115,85.7,100,56.9,511,Germany
1500,150,University of Arizona,57.5,1500,46.6,133,48.0,136,82.4,249,50.5,384,41.4,852,United States
1510,151,City University of Hong Kong,57.4,1510,42.7,178,44.3,170,75.4,356,46.6,480,99.7,2,Hong Kong
1520,151,University of Sussex,57.4,1520,32.2,410,37.5,255,95.1,76,36.2,1197,93.8,63,United Kingdom
1530,151,Yonsei University (Seoul campus),57.4,1530,54.9,86,58.2,88,55.7,660,96.9,44,58.6,481,South Korea
1540,154,University of Florida,57.3,1540,54.5,88,58.9,80,62.0,559,58.4,284,42.7,819,United States
1550,155,Université Paris Cité,57.2,1550,48.8,113,35.5,280,86.5,194,36.3,1180,67.7,349,France
1560,156,Pompeu Fabra University,57.1,1560,36.4,297,39.2,230,94.2,89,47.8,445,66.8,360,Spain
1570,157,Wuhan University,56.9,1570,43.2,172,37.7,249,92.3,116,80.9,116,39.8,902,China
1580,158,University of Aberdeen,56.8,1580,32.2,406,35.2,288,94.0,91,47.1,460,95.8,31,United Kingdom
1590,158,University of Colorado Boulder,56.8,1590,43.2,170,42.8,185,88.1,172,43.2,599,47.2,697,United States
1600,158,Lomonosov Moscow State University,56.8,1600,80.3,19,69.9,50,12.8,1512,99.3,24,72.5,284,Russian Federation
1610,158,Université Catholique de Louvain,56.8,1610,38.4,247,52.1,112,73.2,391,62.5,244,80.9,194,Belgium
1620,162,Durham University,56.7,1620,44.9,154,47.8,140,69.7,435,37.8,1000,93.8,62,United Kingdom
1630,162,University of Ottawa,56.7,1630,40.4,207,40.6,211,83.3,241,50.0,396,82.1,180,Canada
1640,162,Southern University of Science and Technology (SUSTech),56.7,1640,29.4,507,39.4,224,98.5,33,78.5,133,60.4,451,China
1650,165,University of Würzburg,56.6,1650,38.1,258,43.2,182,85.6,207,73.9,167,62.4,420,Germany
1660,166,Bielefeld University,56.5,1660,36.4,294,41.8,197,94.4,84,42.4,631,48.1,675,Germany
1670,167,Indiana University,56.3,1670,48.9,112,46.4,150,74.7,366,52.0,360,54.0,558,United States
1680,168,"Northeastern University, US",56.1,1680,38.3,252,29.1,406,97.4,49,37.8,1006,76.2,249,United States
1690,169,University of York,56.0,1690,39.0,236,43.7,177,79.1,299,37.1,1082,86.7,143,United Kingdom
1700,170,Autonomous University of Barcelona,55.9,1700,36.6,286,38.9,234,90.6,132,42.9,612,66.9,354,Spain
1710,170,University of Canberra,55.9,1710,27.9,557,33.8,308,98.6,31,44.2,552,89.8,108,Australia
1720,172,University of Bologna,55.8,1720,49.8,105,36.9,264,82.7,245,45.3,515,52.1,594,Italy
1730,172,University of Cologne,55.8,1730,42.2,181,43.7,175,77.1,333,76.9,144,66.7,362,Germany
1740,172,TU Dresden,55.8,1740,46.7,132,47.2,142,69.3,440,97.4,39,59.3,472,Germany
1750,172,Tufts University,55.8,1750,45.6,144,33.0,323,91.6,123,39.5,834,50.4,627,United States
1760,176,University of Lausanne,55.5,1760,32.8,394,45.4,157,77.1,334,78.1,134,92.0,86,Switzerland
1770,176,Stockholm University,55.5,1770,30.5,467,49.1,132,84.9,225,36.5,1156,69.4,331,Sweden
1780,178,University of Liverpool,55.4,1780,33.1,380,36.5,269,88.5,166,39.1,857,93.6,68,United Kingdom
1790,178,Ulsan National Institute of Science and Technology (UNIST),55.4,1790,37.7,264,41.1,206,85.4,212,91.8,70,51.0,616,South Korea
1800,180,Karlsruhe Institute of Technology,55.3,1800,45.7,142,51.5,116,61.3,573,93.3,62,71.7,293,Germany
1810,181,Huazhong University of Science and Technology,55.2,1810,38.3,251,38.4,240,92.7,110,89.8,80,27.9,1230,China
1820,182,University of East Anglia,55.1,1820,28.3,542,32.5,334,97.9,42,35.9,1254,87.5,134,United Kingdom
1830,183,University of Cape Town,54.9,1830,31.4,439,41.4,203,85.5,208,56.4,302,80.1,204,South Africa
1840,183,University of Notre Dame,54.9,1840,51.2,98,43.2,180,70.7,420,39.7,810,59.0,476,United States
1850,185,University of Gothenburg,54.8,1850,29.6,500,42.3,191,90.5,135,42.7,618,66.1,368,Sweden
1860,185,University of Leicester,54.8,1860,30.0,490,32.3,339,94.2,88,39.9,789,91.0,94,United Kingdom
1870,185,Pohang University of Science and Technology (POSTECH),54.8,1870,52.3,91,49.1,131,65.4,495,98.0,34,31.1,1138,South Korea
1880,185,Technical University of Denmark,54.8,1880,39.6,226,40.6,213,72.4,399,86.0,98,92.2,83,Denmark
1890,189,Cardiff University,54.7,1890,31.9,421,36.1,274,89.1,157,39.9,786,87.0,140,United Kingdom
1900,190,King Abdulaziz University,54.5,1900,36.7,284,22.9,577,92.4,114,74.0,165,93.6,67,Saudi Arabia
1910,190,Rutgers University – New Brunswick,54.5,1910,46.6,134,47.5,141,70.4,428,47.2,458,52.8,586,United States
1920,192,Macquarie University,54.4,1920,39.0,235,43.3,179,71.4,411,63.3,238,89.5,110,Australia
1930,193,University of Barcelona,54.3,1930,31.9,420,40.0,219,90.4,138,47.1,461,59.4,469,Spain
1940,193,Queensland University of Technology,54.3,1940,32.2,409,36.7,266,86.8,191,50.0,397,84.6,161,Australia
1950,193,Texas A&M University,54.3,1950,47.4,122,51.1,118,64.6,510,46.5,486,56.1,525,United States
1960,196,Medical University of Graz,54.1,1960,30.3,475,29.1,404,95.9,68,66.7,208,78.0,228,Austria
1970,197,University of Erlangen-Nuremberg,54.0,1970,42.2,182,45.7,156,71.5,408,88.7,85,52.8,584,Germany
1980,197,University of Geneva,54.0,1980,34.4,345,33.6,311,83.1,242,51.6,367,98.6,10,Switzerland
1990,197,University of Hohenheim,54.0,1990,34.4,346,31.2,364,97.5,48,48.5,424,51.4,610,Germany
2000,197,Sapienza University of Rome,54.0,2000,51.5,97,41.7,199,70.9,419,55.9,310,44.3,772,Italy
2010,197,Scuola Normale Superiore di Pisa,54.0,2010,56.5,73,38.6,236,67.8,461,36.9,1104,55.4,533,Italy
2020,201–250,Aalborg University,50.4–53.9,2020,27.0,599,38.0,245,79.3,292,49.8,398,78.5,224,Denmark
2030,201–250,Aalto University,50.4–53.9,2030,38.9,237,38.6,235,71.6,407,54.2,328,83.7,170,Finland
2040,201–250,Alfaisal University,50.4–53.9,2040,20.2,1082,21.2,645,99.0,24,41.7,667,97.3,16,Saudi Arabia
2050,201–250,Auckland University of Technology,50.4–53.9,2050,20.8,1024,21.5,630,98.9,29,37.0,1083,96.2,27,New Zealand
2060,201–250,University of Bath,50.4–53.9,2060,32.2,407,34.0,304,78.9,302,38.7,895,92.9,75,United Kingdom
2070,201–250,University of Bergen,50.4–53.9,2070,28.7,531,30.3,379,91.6,122,37.5,1030,78.7,222,Norway
2080,201–250,Brighton and Sussex Medical School,50.4–53.9,2080,21.5,969,24.2,537,100.0,3,34.8,1575,80.6,198,United Kingdom
2090,201–250,University of Calgary,50.4–53.9,2090,34.9,333,37.2,258,80.4,276,65.6,218,80.4,201,Canada
2100,201–250,"University of California, Santa Cruz",50.4–53.9,2100,31.5,432,31.2,363,96.7,60,42.1,645,65.6,373,United States
2110,201–250,Copenhagen Business School,50.4–53.9,2110,24.1,772,33.4,317,86.2,199,42.4,632,94.5,52,Denmark
2120,201–250,University of Dundee,50.4–53.9,2120,25.4,689,30.7,371,89.1,158,48.9,417,83.2,173,United Kingdom
2130,201–250,Eindhoven University of Technology,50.4–53.9,2130,44.4,158,48.2,135,56.1,653,99.9,18,83.8,169,Netherlands
2140,201–250,Friedrich Schiller University Jena,50.4–53.9,2140,41.4,190,40.7,210,73.5,385,57.1,295,60.5,449,Germany
2150,201–250,George Washington University,50.4–53.9,2150,46.3,138,31.4,359,79.0,301,36.0,1236,57.9,490,United States
2160,201–250,Griffith University,50.4–53.9,2160,27.5,584,35.3,285,80.4,277,50.6,383,82.8,176,Australia
2170,201–250,University of Konstanz,50.4–53.9,2170,40.5,204,46.1,153,59.4,601,74.8,159,69.7,324,Germany
2180,201–250,Korea University,50.4–53.9,2180,47.4,121,47.0,145,63.4,535,91.9,69,50.9,618,South Korea
2190,201–250,KTH Royal Institute of Technology,50.4–53.9,2190,38.8,239,44.7,167,56.0,656,69.8,196,90.2,100,Sweden
2200,201–250,La Trobe University,50.4–53.9,2200,27.6,577,34.0,305,86.3,196,46.7,478,89.8,109,Australia
2210,201–250,Université Libre de Bruxelles,50.4–53.9,2210,32.5,402,42.1,194,78.6,311,43.8,569,88.9,120,Belgium
2220,201–250,University of Macau,50.4–53.9,2220,30.2,480,39.3,226,71.2,414,45.7,503,99.4,5,Macao
2230,201–250,University of Massachusetts,50.4–53.9,2230,36.5,291,29.4,400,90.2,143,52.6,346,64.4,389,United States
2240,201–250,Medical University of Innsbruck,50.4–53.9,2240,31.0,451,28.6,422,88.4,168,91.4,72,87.2,138,Austria
2250,201–250,Medical University of Vienna,50.4–53.9,2250,34.6,340,26.9,473,92.7,111,61.9,248,79.8,210,Austria
2260,201–250,University of Miami,50.4–53.9,2260,45.2,150,32.1,342,75.9,350,47.5,450,59.5,466,United States
2270,201–250,Moscow Institute of Physics and Technology (MIPT),50.4–53.9,2270,51.6,95,44.5,168,51.3,735,99.9,19,61.5,434,Russian Federation
2280,201–250,University of Münster,50.4–53.9,2280,40.3,212,41.5,202,80.7,273,48.1,436,48.7,660,Germany
2290,201–250,University of Otago,50.4–53.9,2290,31.3,444,34.7,297,77.5,325,39.6,826,90.1,101,New Zealand
2300,201–250,University of Padua,50.4–53.9,2300,41.3,192,33.8,310,80.3,279,40.9,724,49.4,644,Italy
2310,201–250,Queen’s University Belfast,50.4–53.9,2310,29.3,509,36.3,272,80.3,280,41.3,702,97.2,17,United Kingdom
2320,201–250,RCSI University of Medicine and Health Sciences,50.4–53.9,2320,29.2,512,35.3,287,84.0,232,52.6,348,94.9,46,Ireland
2330,201–250,University of Reading,50.4–53.9,2330,35.9,303,36.7,267,78.8,305,40.4,763,92.6,79,United Kingdom
2340,201–250,"St George’s, University of London",50.4–53.9,2340,21.8,943,29.0,412,99.1,23,39.8,802,77.4,239,United Kingdom
2350,201–250,Sant’Anna School of Advanced Studies – Pisa,50.4–53.9,2350,46.4,136,40.6,212,70.5,423,89.2,83,57.8,492,Italy
2360,201–250,University of São Paulo,50.4–53.9,2360,55.8,77,58.9,81,43.3,876,42.3,642,35.9,1001,Brazil
2370,201–250,Simon Fraser University,50.4–53.9,2370,27.7,572,35.0,290,81.5,261,49.0,414,92.1,85,Canada
2380,201–250,University of South Florida,50.4–53.9,2380,30.2,484,35.9,278,85.8,205,91.2,73,55.1,542,United States
2390,201–250,University of St Andrews,50.4–53.9,2390,45.2,151,43.8,172,60.2,592,37.7,1022,95.5,36,United Kingdom
2400,201–250,University of Surrey,50.4–53.9,2400,31.5,436,34.7,298,75.0,362,43.0,611,94.6,51,United Kingdom
2410,201–250,Taipei Medical University,50.4–53.9,2410,46.9,127,33.0,322,73.4,388,96.9,42,42.9,813,Taiwan
2420,201–250,Tel Aviv University,50.4–53.9,2420,40.6,201,51.7,115,68.4,455,43.1,606,56.4,520,Israel
2430,201–250,Tilburg University,50.4–53.9,2430,36.0,302,49.4,128,63.3,539,51.0,377,81.9,183,Netherlands
2440,201–250,Tohoku University,50.4–53.9,2440,56.6,72,58.7,83,37.8,981,97.2,41,49.5,641,Japan
2450,201–250,University of Twente,50.4–53.9,2450,37.9,262,46.8,147,57.0,636,86.9,93,93.8,64,Netherlands
2460,201–250,University College Dublin,50.4–53.9,2460,32.2,412,39.0,232,71.8,405,48.7,422,93.6,69,Ireland
2470,201–250,Vita-Salute San Raffaele University,50.4–53.9,2470,37.6,267,22.5,598,98.6,32,36.0,1245,42.8,818,Italy
2480,201–250,University of Waterloo,50.4–53.9,2480,35.6,312,43.2,181,67.7,466,47.1,463,87.1,139,Canada
2490,201–250,Western University,50.4–53.9,2490,39.9,219,39.0,233,72.6,396,80.2,121,85.6,154,Canada
2500,201–250,Western Sydney University,50.4–53.9,2500,26.2,644,30.5,377,88.7,163,42.4,638,87.9,131,Australia
2510,201–250,University of Wollongong,50.4–53.9,2510,30.8,457,37.6,251,77.3,329,55.8,311,94.7,48,Australia
2520,251–300,Australian Catholic University,48.1–50.3,2520,19.5,1143,27.5,456,95.9,67,36.6,1134,80.2,203,Australia
2530,251–300,Beijing Normal University,48.1–50.3,2530,47.2,124,41.0,207,56.0,654,71.1,185,45.7,732,China
2540,251–300,Boston College,48.1–50.3,2540,47.5,120,34.6,299,64.4,513,35.1,1455,46.4,716,United States
2550,251–300,Brandeis University,48.1–50.3,2550,28.2,547,21.7,625,99.0,25,35.6,1307,57.5,496,United States
2560,251–300,University at Buffalo,48.1–50.3,2560,37.9,260,33.4,316,71.4,410,47.4,454,64.8,385,United States
2570,251–300,"University of California, Riverside",48.1–50.3,2570,30.5,466,29.7,389,84.1,229,40.9,720,65.0,382,United States
2580,251–300,Chalmers University of Technology,48.1–50.3,2580,31.8,426,42.8,184,63.3,537,65.5,220,77.5,237,Sweden
2590,251–300,University of Colorado Denver/Anschutz Medical Campus,48.1–50.3,2590,35.1,328,19.4,709,94.8,80,42.0,650,31.0,1140,United States
2600,251–300,Curtin University,48.1–50.3,2600,25.2,704,32.6,331,82.5,247,43.5,582,95.5,34,Australia
2610,251–300,Dalhousie University,48.1–50.3,2610,27.6,575,29.7,391,77.5,324,43.3,592,89.0,118,Canada
2620,251–300,Deakin University,48.1–50.3,2620,26.5,625,32.3,338,79.3,293,42.8,613,89.2,112,Australia
2630,251–300,University of Duisburg-Essen,48.1–50.3,2630,32.9,385,33.5,314,80.3,278,67.2,207,61.1,438,Germany
2640,251–300,Heinrich Heine University Düsseldorf,48.1–50.3,2640,34.9,334,32.0,348,78.6,310,43.7,575,59.6,463,Germany
2650,251–300,École des Ponts ParisTech,48.1–50.3,2650,31.9,422,22.2,611,87.4,181,59.6,267,83.8,168,France
2660,251–300,Flinders University,48.1–50.3,2660,25.5,684,31.0,366,83.3,240,40.7,738,89.9,105,Australia
2670,251–300,Florida State University,48.1–50.3,2670,39.0,234,38.0,246,70.1,431,40.8,728,47.3,693,United States
2680,251–300,George Mason University,48.1–50.3,2680,32.0,417,28.5,425,84.9,222,36.0,1235,48.5,663,United States
2690,251–300,University of Hawai’i at Mānoa,48.1–50.3,2690,36.5,290,39.9,221,67.1,470,39.1,856,66.9,357,United States
2700,251–300,Howard University,48.1–50.3,2700,43.9,163,16.1,878,95.7,69,34.8,1605,35.4,1011,United States
2710,251–300,University of Iowa,48.1–50.3,2710,40.6,200,29.6,395,77.6,323,48.6,423,47.4,691,United States
2720,251–300,James Cook University,48.1–50.3,2720,25.4,690,29.9,384,88.6,164,45.5,509,78.7,223,Australia
2730,251–300,University of Kiel,48.1–50.3,2730,30.3,473,31.1,365,85.0,219,34.8,1614,57.7,493,Germany
2740,251–300,Kyung Hee University,48.1–50.3,2740,35.5,315,40.5,214,64.6,509,89.7,81,63.7,399,South Korea
2750,251–300,Lappeenranta-Lahti University of Technology LUT,48.1–50.3,2750,27.8,566,31.3,362,84.1,230,54.9,318,61.2,436,Finland
2760,251–300,Université Laval,48.1–50.3,2760,38.9,238,34.8,294,67.7,464,66.4,210,71.0,306,Canada
2770,251–300,Linköping University,48.1–50.3,2770,24.8,728,38.4,241,77.9,320,60.7,260,69.0,336,Sweden
2780,251–300,University of Luxembourg,48.1–50.3,2780,33.0,384,39.2,228,65.7,491,47.3,456,99.5,3,Luxembourg
2790,251–300,Macau University of Science and Technology,48.1–50.3,2790,30.3,474,22.8,579,82.3,250,46.4,487,99.9,1,Macao
2800,251–300,University of Navarra,48.1–50.3,2800,28.7,533,29.3,401,85.1,217,65.9,216,71.7,294,Spain
2810,251–300,University of Newcastle,48.1–50.3,2810,27.1,597,33.2,320,78.9,303,61.4,252,85.6,153,Australia
2820,251–300,University of New Mexico (Main campus),48.1–50.3,2820,39.4,227,29.1,405,80.1,285,42.8,616,34.1,1051,United States
2830,251–300,Oregon Health and Science University,48.1–50.3,2830,35.8,305,17.7,795,99.1,22,52.6,347,28.6,1212,United States
2840,251–300,University of Oulu,48.1–50.3,2840,30.6,463,35.1,289,76.2,346,51.6,368,57.1,508,Finland
2850,251–300,University of Potsdam,48.1–50.3,2850,38.4,248,43.0,183,65.0,501,66.0,215,59.3,471,Germany
2860,251–300,Queen’s University,48.1–50.3,2860,40.0,215,38.0,247,60.2,591,79.1,130,71.1,305,Canada
2870,251–300,Ruhr University Bochum,48.1–50.3,2870,38.2,254,45.1,160,61.6,566,58.1,286,54.0,560,Germany
2880,251–300,Sejong University,48.1–50.3,2880,26.0,655,27.8,446,90.2,144,48.0,442,53.2,576,South Korea
2890,251–300,Semmelweis University,48.1–50.3,2890,44.5,157,15.6,918,81.0,267,41.4,693,77.8,231,Hungary
2900,251–300,University of Southern Denmark,48.1–50.3,2900,24.1,780,30.2,382,80.2,284,73.9,166,81.1,189,Denmark
2910,251–300,Stellenbosch University,48.1–50.3,2910,30.3,476,35.7,279,78.7,308,79.5,126,54.3,555,South Africa
2920,251–300,Sun Yat-sen University,48.1–50.3,2920,40.7,198,32.6,333,77.7,322,60.6,263,33.5,1066,China
2930,251–300,Swansea University,48.1–50.3,2930,22.2,911,26.8,477,93.8,99,39.0,870,83.0,175,United Kingdom
2940,251–300,Tampere University,48.1–50.3,2940,27.1,598,34.2,302,84.4,227,59.6,269,52.5,591,Finland
2950,251–300,University of Tartu,48.1–50.3,2950,25.9,667,31.0,368,89.3,155,43.3,596,62.6,414,Estonia
2960,251–300,University College Cork,48.1–50.3,2960,26.2,643,27.6,455,88.1,173,49.2,407,83.7,172,Ireland
2970,251–300,University of Utah,48.1–50.3,2970,37.2,276,30.7,373,81.8,255,51.2,373,33.1,1077,United States
2980,251–300,Virginia Polytechnic Institute and State University,48.1–50.3,2980,35.8,307,36.5,270,74.3,374,48.4,430,56.4,521,United States
2990,251–300,Vrije Universiteit Brussel,48.1–50.3,2990,35.5,317,42.6,188,63.9,526,60.8,259,76.7,245,Belgium
3000,251–300,University of the Witwatersrand,48.1–50.3,3000,30.9,454,43.8,174,66.2,486,100.0,13,73.4,275,South Africa
3010,301–350,Aix-Marseille University,46.1–48.0,3010,39.8,220,24.2,535,74.4,371,39.7,803,60.9,440,France
3020,301–350,American University of Beirut,46.1–48.0,3020,26.9,605,16.3,862,89.2,156,49.7,400,77.5,236,Lebanon
3030,301–350,Anglia Ruskin University (ARU),46.1–48.0,3030,16.9,1434,15.6,912,99.7,14,35.1,1452,89.9,103,United Kingdom
3040,301–350,Autonomous University of Madrid,46.1–48.0,3040,31.6,429,27.7,448,83.8,235,38.3,938,55.1,539,Spain
3050,301–350,University of Bordeaux,46.1–48.0,3050,33.1,378,25.3,511,79.1,298,39.0,864,60.1,454,France
3060,301–350,"University of California, Merced",46.1–48.0,3060,22.7,868,23.9,547,94.9,79,40.9,719,44.0,781,United States
3070,301–350,University of Cape Coast,46.1–48.0,3070,17.3,1389,20.1,686,100.0,5,66.2,212,44.7,757,Ghana
3080,301–350,Central South University,46.1–48.0,3080,34.8,338,41.6,200,65.6,492,96.0,46,25.0,1325,China
3090,301–350,"China Medical University, Taiwan",46.1–48.0,3090,24.3,763,32.9,324,80.8,272,95.7,50,44.1,775,Taiwan
3100,301–350,University of Delaware,46.1–48.0,3100,28.9,523,38.4,239,68.8,449,94.6,54,49.4,642,United States
3110,301–350,East China Normal University,46.1–48.0,3110,39.8,221,37.2,259,59.0,612,57.2,294,62.8,410,China
3120,301–350,École Normale Supérieure de Lyon,46.1–48.0,3120,38.3,250,45.8,155,52.6,709,64.3,231,64.7,387,France
3130,301–350,University of Essex,46.1–48.0,3130,30.2,478,34.9,291,63.5,532,35.9,1256,96.3,25,United Kingdom
3140,301–350,Goethe University Frankfurt,46.1–48.0,3140,31.9,424,33.3,319,73.7,381,43.5,583,61.0,439,Germany
3150,301–350,Hebrew University of Jerusalem,46.1–48.0,3150,43.4,169,42.8,186,51.8,723,42.6,621,59.6,464,Israel
3160,301–350,Hofstra University,46.1–48.0,3160,37.1,278,16.4,859,94.6,83,34.8,1604,30.2,1163,United States
3170,301–350,HSE University,46.1–48.0,3170,34.9,336,45.0,161,61.1,578,64.8,227,45.0,752,Russian Federation
3180,301–350,University of Illinois Chicago,46.1–48.0,3180,41.6,188,31.9,350,63.5,533,44.3,548,51.7,604,United States
3190,301–350,Indian Institute of Science,46.1–48.0,3190,59.1,60,54.6,103,31.5,1087,88.1,87,24.1,1366,India
3200,301–350,Johannes Gutenberg University of Mainz,46.1–48.0,3200,35.5,314,26.4,482,78.2,316,56.3,305,58.6,480,Germany
3210,301–350,University of Malaya,46.1–48.0,3210,37.5,268,30.8,370,61.9,561,47.1,462,84.0,165,Malaysia
3220,301–350,University of Manitoba,46.1–48.0,3220,32.0,419,30.7,372,74.4,372,35.6,1319,55.9,528,Canada
3230,301–350,University of Milan,46.1–48.0,3230,32.7,399,29.7,393,82.6,246,39.8,797,43.5,798,Italy
3240,301–350,University of Milan-Bicocca,46.1–48.0,3240,27.5,585,24.2,539,91.8,118,39.2,852,45.4,744,Italy
3250,301–350,Montpellier University,46.1–48.0,3250,35.0,331,31.6,353,70.4,426,38.7,898,62.5,417,France
3260,301–350,Nankai University,46.1–48.0,3260,37.2,274,25.1,515,78.7,307,45.5,511,41.3,857,China
3270,301–350,National Yang Ming Chiao Tung University,46.1–48.0,3270,45.9,140,46.8,146,50.0,760,72.8,176,40.0,895,Taiwan
3280,301–350,North Carolina State University,46.1–48.0,3280,39.3,230,37.0,263,60.5,587,46.2,494,53.6,568,United States
3290,301–350,Nova Southeastern University,46.1–48.0,3290,39.2,232,10.8,1324,96.5,63,34.8,1631,29.7,1178,United States
3300,301–350,Osaka University,46.1–48.0,3300,51.9,93,52.1,113,33.9,1045,90.2,79,38.4,942,Japan
3310,301–350,Peter the Great St Petersburg Polytechnic University,46.1–48.0,3310,27.8,567,18.4,758,87.1,186,77.7,137,56.9,510,Russian Federation
3320,301–350,Qatar University,46.1–48.0,3320,26.0,654,31.7,352,69.0,444,50.7,382,99.1,6,Qatar
3330,301–350,Reykjavík University,46.1–48.0,3330,16.8,1456,21.8,624,100.0,11,36.7,1128,69.1,335,Iceland
3340,301–350,RMIT University,46.1–48.0,3340,27.6,580,32.1,344,69.8,434,46.0,498,93.9,60,Australia
3350,301–350,University of Rome II – Tor Vergata,46.1–48.0,3350,38.2,253,27.4,461,68.5,453,48.4,428,62.1,423,Italy
3360,301–350,Rush University,46.1–48.0,3360,40.0,216,15.8,903,90.9,127,45.0,527,21.6,1461,United States
3370,301–350,University of St Gallen,46.1–48.0,3370,28.8,530,20.5,677,78.4,312,49.1,410,95.6,33,Switzerland
3380,301–350,University of South Australia,46.1–48.0,3380,23.5,818,36.6,268,68.1,459,84.3,106,88.4,127,Australia
3390,301–350,University of Stirling,46.1–48.0,3390,23.9,796,25.8,501,80.9,271,35.5,1351,84.7,160,United Kingdom
3400,301–350,Stony Brook University,46.1–48.0,3400,34.6,341,25.3,512,77.2,332,36.2,1196,70.2,316,United States
3410,301–350,University of Stuttgart,46.1–48.0,3410,40.9,194,44.4,169,49.8,764,93.8,59,53.1,577,Germany
3420,301–350,Università della Svizzera italiana,46.1–48.0,3420,23.6,810,19.6,707,83.6,238,58.9,276,99.5,4,Switzerland
3430,301–350,Swedish University of Agricultural Sciences,46.1–48.0,3430,30.4,471,29.3,402,74.1,376,92.0,68,51.5,607,Sweden
3440,301–350,Swinburne University of Technology,46.1–48.0,3440,24.8,732,29.3,403,76.7,341,42.2,644,81.8,184,Australia
3450,301–350,University of Tasmania,46.1–48.0,3450,27.6,581,32.3,340,70.3,429,47.0,466,91.3,93,Australia
3460,301–350,Technical University of Darmstadt,46.1–48.0,3460,43.7,166,45.0,162,46.8,816,88.4,86,58.5,483,Germany
3470,301–350,Temple University,46.1–48.0,3470,38.4,249,24.6,523,79.4,291,34.8,1655,38.9,931,United States
3480,301–350,The University of Tennessee-Knoxville,46.1–48.0,3480,32.8,397,27.5,460,78.1,318,42.6,627,46.8,711,United States
3490,301–350,Tokyo Institute of Technology,46.1–48.0,3490,49.7,106,56.2,96,33.2,1057,80.7,119,46.2,722,Japan
3500,301–350,Tongji University,46.1–48.0,3500,40.6,202,47.9,139,41.7,900,98.8,29,60.2,453,China
3510,301–350,University of Victoria,46.1–48.0,3510,22.8,866,33.5,315,73.7,382,45.2,523,88.6,124,Canada
3520,301–350,Wake Forest University,46.1–48.0,3520,39.1,233,18.9,737,85.6,206,45.4,513,33.7,1062,United States
3530,301–350,William & Mary,46.1–48.0,3530,45.8,141,21.3,644,78.9,304,36.2,1200,36.9,986,United States
3540,351–400,Babol Noshirvani University of Technology,44.1–46.0,3540,23.3,830,21.2,646,99.4,17,37.2,1057,20.7,1490,Iran
3550,351–400,University of Bayreuth,44.1–46.0,3550,35.8,304,37.2,257,55.7,659,57.3,292,60.6,445,Germany
3560,351–400,"Birkbeck, University of London",44.1–46.0,3560,30.5,465,32.6,330,64.1,518,35.1,1454,89.9,104,United Kingdom
3570,351–400,Bournemouth University,44.1–46.0,3570,33.6,366,21.3,640,74.6,368,35.1,1456,82.1,178,United Kingdom
3580,351–400,University of Bremen,44.1–46.0,3580,33.5,367,37.6,250,56.6,641,53.7,333,62.0,425,Germany
3590,351–400,University of Brescia,44.1–46.0,3590,24.6,739,18.1,769,93.9,94,39.6,816,44.7,756,Italy
3600,351–400,Universiti Brunei Darussalam,44.1–46.0,3600,24.0,783,18.7,744,83.9,233,36.9,1099,88.2,128,Brunei Darussalam
3610,351–400,Brunel University London,44.1–46.0,3610,26.1,645,26.0,494,69.0,442,36.3,1170,96.5,24,United Kingdom
3620,351–400,Catholic University of Portugal,44.1–46.0,3620,19.0,1183,14.5,983,98.3,35,36.6,1135,62.0,426,Portugal
3630,351–400,"City, University of London",44.1–46.0,3630,25.0,722,26.3,485,70.9,416,36.2,1185,95.2,40,United Kingdom
3640,351–400,"Colorado State University, Fort Collins",44.1–46.0,3640,31.5,433,26.1,491,77.3,328,40.8,727,39.2,919,United States
3650,351–400,Drexel University,44.1–46.0,3650,35.2,327,21.9,620,76.2,345,42.5,628,51.7,601,United States
3660,351–400,University of Georgia,44.1–46.0,3660,42.2,183,42.4,190,53.2,696,38.2,952,47.0,703,United States
3670,351–400,University of Greifswald,44.1–46.0,3670,31.4,440,27.6,453,74.7,365,42.3,639,48.7,657,Germany
3680,351–400,Université Grenoble Alpes,44.1–46.0,3680,37.4,269,31.9,349,58.0,624,38.7,896,68.7,339,France
3690,351–400,University of Hail,44.1–46.0,3690,18.1,1299,8.7,1567,100.0,7,40.9,721,82.0,181,Saudi Arabia
3700,351–400,Hanyang University,44.1–46.0,3700,40.8,195,40.1,217,44.0,862,93.8,58,64.3,391,South Korea
3710,351–400,Harokopio University,44.1–46.0,3710,18.4,1258,19.3,714,96.3,64,37.3,1047,45.2,749,Greece
3720,351–400,Hasselt University,44.1–46.0,3720,28.2,548,39.0,231,57.5,626,58.2,285,69.4,330,Belgium
3730,351–400,Illinois Institute of Technology,44.1–46.0,3730,41.8,187,20.6,671,62.9,543,38.6,905,74.1,265,United States
3740,351–400,IMT Atlantique,44.1–46.0,3740,37.2,271,34.3,301,54.3,680,95.8,48,77.2,241,France
3750,351–400,Indian Institute of Technology Ropar,44.1–46.0,3750,26.8,610,13.9,1026,99.7,15,37.7,1015,18.9,1559,India
3760,351–400,JSS Academy of Higher Education and Research,44.1–46.0,3760,33.3,374,9.0,1530,100.0,8,35.8,1277,32.4,1092,India
3770,351–400,University of Jyväskylä,44.1–46.0,3770,25.3,696,30.5,376,75.4,357,36.3,1174,51.5,606,Finland
3780,351–400,University of Kent,44.1–46.0,3780,27.8,565,30.6,374,64.5,512,35.4,1364,91.5,91,United Kingdom
3790,351–400,Khalifa University,44.1–46.0,3790,31.5,435,36.9,265,51.9,721,100.0,3,92.1,84,United Arab Emirates
3800,351–400,King Fahd University of Petroleum and Minerals,44.1–46.0,3800,25.8,670,22.4,601,77.9,319,74.2,163,77.6,235,Saudi Arabia
3810,351–400,King Saud University,44.1–46.0,3810,26.1,647,27.8,443,70.9,417,82.6,110,82.3,177,Saudi Arabia
3820,351–400,University of Klagenfurt,44.1–46.0,3820,29.0,522,17.7,794,74.6,369,36.8,1110,90.3,98,Austria
3830,351–400,Kurdistan University of Medical Sciences,44.1–46.0,3830,34.3,352,9.9,1423,100.0,9,36.4,1163,22.3,1430,Iran
3840,351–400,University of KwaZulu-Natal,44.1–46.0,3840,28.8,528,34.7,296,66.7,477,39.7,807,53.3,573,South Africa
3850,351–400,University of Liège,44.1–46.0,3850,26.6,621,35.4,281,60.2,590,99.6,22,71.6,296,Belgium
3860,351–400,Loughborough University,44.1–46.0,3860,32.0,418,33.6,313,61.1,579,38.6,906,86.6,144,United Kingdom
3870,351–400,Mazandaran University of Medical Sciences,44.1–46.0,3870,40.5,205,11.3,1266,87.6,179,40.9,723,19.7,1531,Iran
3880,351–400,Nagoya University,44.1–46.0,3880,44.3,161,48.0,137,41.4,907,97.9,35,35.4,1012,Japan
3890,351–400,University of Galway,44.1–46.0,3890,27.6,578,31.9,351,66.7,478,48.8,420,81.5,186,Ireland
3900,351–400,National Tsing Hua University,44.1–46.0,3900,36.2,300,46.0,154,50.0,759,70.7,190,42.9,812,Taiwan
3910,351–400,University of Oregon,44.1–46.0,3910,31.0,452,21.5,633,85.3,213,36.4,1166,35.3,1014,United States
3920,351–400,University of Passau,44.1–46.0,3920,33.9,361,39.9,222,56.3,649,46.5,484,58.4,484,Germany
3930,351–400,University of Pavia,44.1–46.0,3930,36.8,282,28.1,435,72.4,398,46.5,485,46.7,713,Italy
3940,351–400,Politecnico di Milano,44.1–46.0,3940,34.4,348,39.2,229,57.8,625,80.1,122,60.8,443,Italy
3950,351–400,"Royal Holloway, University of London",44.1–46.0,3950,30.0,492,29.0,411,67.3,469,37.6,1026,91.8,87,United Kingdom
3960,351–400,Shenzhen University,44.1–46.0,3960,22.3,903,26.0,497,89.4,152,53.6,335,36.7,988,China
3970,351–400,SUNY University at Albany,44.1–46.0,3970,25.2,710,22.7,585,84.3,228,43.5,586,49.9,636,United States
3980,351–400,Syracuse University,44.1–46.0,3980,35.4,322,29.7,394,69.7,436,35.8,1285,49.8,637,United States
3990,351–400,University of Texas at Dallas,44.1–46.0,3990,24.9,727,28.1,436,80.6,275,40.7,744,56.6,514,United States
4000,351–400,University of Trento,44.1–46.0,4000,30.2,485,32.5,337,69.5,439,43.1,607,56.6,515,Italy
4010,351–400,University of Turku,44.1–46.0,4010,27.6,582,31.4,360,75.3,359,37.0,1094,54.1,557,Finland
4020,351–400,UiT The Arctic University of Norway,44.1–46.0,4020,23.5,819,21.1,652,87.9,175,37.8,1011,68.8,338,Norway
4030,351–400,Umeå University,44.1–46.0,4030,23.0,855,29.0,413,78.2,317,36.6,1145,64.0,396,Sweden
4040,351–400,United Arab Emirates University,44.1–46.0,4040,24.5,754,21.4,639,73.3,389,65.9,217,88.8,121,United Arab Emirates
4050,351–400,Washington State University,44.1–46.0,4050,31.5,437,30.9,369,71.3,413,50.3,391,50.1,632,United States
4060,401–500,Addis Ababa University,40.9–44.0,4060,18.9,1196,11.9,1215,95.2,75,41.5,683,47.0,702,Ethiopia
4070,401–500,University of Alaska Fairbanks,40.9–44.0,4070,27.8,562,24.0,543,73.7,380,46.9,467,57.9,489,United States
4080,401–500,An-Najah National University,40.9–44.0,4080,13.2,1655,8.6,1576,100.0,1,36.0,1227,63.7,398,Palestine
4090,401–500,Aston University,40.9–44.0,4090,21.5,968,24.5,524,66.0,487,36.7,1117,91.6,89,United Kingdom
4100,401–500,Aswan University,40.9–44.0,4100,13.9,1644,9.8,1432,100.0,2,34.8,1564,47.9,678,Egypt
4110,401–500,Bangor University,40.9–44.0,4110,25.1,713,25.2,513,68.1,457,35.2,1417,81.9,182,United Kingdom
4120,401–500,University of Campinas,40.9–44.0,4120,47.2,125,44.9,165,36.2,1004,47.7,447,33.0,1079,Brazil
4130,401–500,Cankaya University,40.9–44.0,4130,17.0,1423,13.6,1045,100.0,4,36.0,1230,46.0,727,Turkey
4140,401–500,Claude Bernard University Lyon 1,40.9–44.0,4140,36.4,295,25.5,509,61.2,575,40.6,746,58.5,482,France
4150,401–500,Colorado School of Mines,40.9–44.0,4150,29.7,497,27.2,465,66.3,482,46.8,472,39.0,925,United States
4160,401–500,University of Connecticut,40.9–44.0,4160,36.6,287,29.5,397,61.4,569,38.2,950,54.5,550,United States
4170,401–500,University of Côte d’Azur,40.9–44.0,4170,26.3,634,19.9,697,72.1,402,35.6,1309,76.2,248,France
4180,401–500,University of Crete,40.9–44.0,4180,19.3,1163,22.3,607,87.1,185,39.5,828,48.2,670,Greece
4190,401–500,University of Cyprus,40.9–44.0,4190,26.1,646,21.3,641,65.5,493,49.1,408,82.1,179,Cyprus
4200,401–500,University of Denver,40.9–44.0,4200,39.3,229,23.8,556,72.2,401,35.9,1252,27.9,1229,United States
4210,401–500,Durban University of Technology,40.9–44.0,4210,16.9,1436,11.5,1248,99.9,12,37.8,999,39.1,923,South Africa
4220,401–500,Duy Tan University,40.9–44.0,4220,13.1,1657,10.8,1320,100.0,6,35.9,1253,49.4,643,Vietnam
4230,401–500,École des Mines de Saint-Étienne,40.9–44.0,4230,34.4,344,27.0,471,54.2,682,71.5,182,71.4,301,France
4240,401–500,Edith Cowan University,40.9–44.0,4240,19.2,1172,24.4,528,73.2,390,38.8,884,86.5,146,Australia
4250,401–500,University of Ferrara,40.9–44.0,4250,31.0,449,22.3,608,71.0,415,41.4,689,44.6,760,Italy
4260,401–500,University of Florence,40.9–44.0,4260,33.3,373,28.3,430,66.8,475,44.7,533,46.1,725,Italy
4270,401–500,Free University of Bozen-Bolzano,40.9–44.0,4270,20.9,1014,16.8,839,77.8,321,36.5,1149,76.7,244,Italy
4280,401–500,University of Fribourg,40.9–44.0,4280,27.5,583,29.7,392,59.2,608,50.3,390,85.8,150,Switzerland
4290,401–500,University of Genoa,40.9–44.0,4290,35.4,321,25.5,510,65.1,499,45.3,517,44.8,755,Italy
4300,401–500,Georgia State University,40.9–44.0,4300,32.9,386,25.9,499,65.8,489,36.0,1237,44.5,762,United States
4310,401–500,"Goldsmiths, University of London",40.9–44.0,4310,28.5,538,27.9,440,64.7,505,34.8,1596,81.0,190,United Kingdom
4320,401–500,Hong Kong Baptist University,40.9–44.0,4320,30.0,489,26.5,480,54.3,679,37.7,1014,98.7,9,Hong Kong
4330,401–500,Hunan University,40.9–44.0,4330,23.2,842,22.4,600,84.9,224,54.5,321,25.6,1304,China
4340,401–500,University of Ibadan,40.9–44.0,4340,23.4,823,12.6,1144,91.2,125,35.3,1388,32.2,1100,Nigeria
4350,401–500,University of Iceland,40.9–44.0,4350,20.7,1034,32.8,327,66.9,473,69.5,198,62.6,413,Iceland
4360,401–500,Indian Institute of Technology Indore,40.9–44.0,4360,37.9,261,24.1,541,66.7,476,38.1,964,22.4,1423,India
4370,401–500,University of Innsbruck,40.9–44.0,4370,31.4,441,29.5,398,52.9,702,53.6,334,95.9,29,Austria
4380,401–500,University of Insubria,40.9–44.0,4380,19.3,1164,21.6,627,90.7,129,36.7,1122,41.1,865,Italy
4390,401–500,Iowa State University,40.9–44.0,4390,34.1,355,33.6,312,58.9,614,51.1,375,56.3,522,United States
4400,401–500,Constructor University,40.9–44.0,4400,33.9,359,31.5,358,46.6,818,53.1,340,92.4,81,Germany
4410,401–500,Jordan University of Science and Technology,40.9–44.0,4410,16.5,1485,10.2,1389,99.2,20,43.3,595,58.3,485,Jordan
4420,401–500,Justus Liebig University Giessen,40.9–44.0,4420,32.1,415,35.3,286,59.1,610,42.4,635,52.8,585,Germany
4430,401–500,University of Kansas,40.9–44.0,4430,36.4,296,25.0,517,67.3,468,45.7,502,48.7,658,United States
4440,401–500,University of Kragujevac,40.9–44.0,4440,18.2,1286,9.4,1485,97.9,43,35.6,1317,33.9,1057,Serbia
4450,401–500,Leibniz University Hannover,40.9–44.0,4450,36.8,281,33.9,306,50.1,753,52.4,351,54.2,556,Germany
4460,401–500,Institut Agro,40.9–44.0,4460,34.4,347,24.5,526,60.9,582,46.6,481,60.8,441,France
4470,401–500,Liverpool John Moores University,40.9–44.0,4470,20.9,1017,18.6,752,78.7,306,35.3,1394,75.6,255,United Kingdom
4480,401–500,University of Marburg,40.9–44.0,4480,33.9,360,28.9,415,64.3,515,42.1,646,55.1,540,Germany
4490,401–500,Middlesex University,40.9–44.0,4490,21.4,977,20.1,688,77.0,335,35.2,1435,89.5,111,United Kingdom
4500,401–500,Missouri University of Science and Technology,40.9–44.0,4500,26.0,652,26.3,486,63.7,531,59.1,274,64.1,393,United States
4510,401–500,University of Modena and Reggio Emilia,40.9–44.0,4510,30.8,456,22.8,581,72.4,397,49.0,412,38.9,929,Italy
4520,401–500,University of Naples Federico II,40.9–44.0,4520,32.5,403,26.0,496,76.7,340,41.4,691,32.3,1098,Italy
4530,401–500,National and Kapodistrian University of Athens,40.9–44.0,4530,22.7,872,18.1,775,81.1,265,68.6,203,55.2,537,Greece
4540,401–500,National Research Nuclear University MEPhI,40.9–44.0,4540,42.8,177,40.5,215,29.6,1124,100.0,7,69.7,325,Russian Federation
4550,401–500,University of Nebraska-Lincoln,40.9–44.0,4550,30.9,453,26.9,474,62.8,545,38.6,907,54.9,545,United States
4560,401–500,Northumbria University,40.9–44.0,4560,19.3,1167,20.9,660,80.7,274,35.5,1345,77.0,242,United Kingdom
4570,401–500,Norwegian University of Science and Technology,40.9–44.0,4570,27.2,595,29.8,387,62.8,546,38.8,889,65.6,375,Norway
4580,401–500,NOVA University of Lisbon,40.9–44.0,4580,25.3,698,29.5,399,70.4,427,49.7,401,63.6,402,Portugal
4590,401–500,"University of Occupational and Environmental Health, Japan",40.9–44.0,4590,25.3,699,10.9,1308,97.8,45,40.5,758,20.2,1512,Japan
4600,401–500,Örebro University,40.9–44.0,4600,18.6,1239,21.0,655,89.0,160,36.2,1192,58.3,486,Sweden
4610,401–500,University of Peradeniya,40.9–44.0,4610,17.4,1382,8.4,1607,100.0,10,35.6,1329,41.3,858,Sri Lanka
4620,401–500,University of Pisa,40.9–44.0,4620,28.1,555,28.0,439,70.6,421,41.8,664,41.3,859,Italy
4630,401–500,University of Plymouth,40.9–44.0,4630,20.4,1070,20.8,663,79.2,295,35.2,1439,72.4,287,United Kingdom
4640,401–500,Pontificia Universidad Católica de Chile,40.9–44.0,4640,24.8,730,30.3,380,66.4,481,73.0,173,58.2,488,Chile
4650,401–500,University of Porto,40.9–44.0,4650,25.1,718,28.9,416,64.0,524,40.8,735,60.8,444,Portugal
4660,401–500,Universitat Ramon Llull,40.9–44.0,4660,20.0,1112,16.6,853,82.0,253,38.1,969,65.9,371,Spain
4670,401–500,Royal Veterinary College,40.9–44.0,4670,25.6,681,18.4,759,75.8,351,48.0,441,90.7,97,United Kingdom
4680,401–500,Saint-Petersburg Mining University,40.9–44.0,4680,21.7,951,11.7,1236,90.7,130,75.9,150,31.4,1123,Russian Federation
4690,401–500,University of Salerno,40.9–44.0,4690,17.9,1319,22.4,606,85.1,218,37.8,1007,35.2,1015,Italy
4700,401–500,Sciences Po,40.9–44.0,4700,33.3,375,24.0,545,57.3,630,36.9,1103,83.7,171,France
4710,401–500,Sharif University of Technology,40.9–44.0,4710,32.9,391,37.2,261,50.7,745,94.5,55,29.9,1175,Iran
4720,401–500,University of Sharjah,40.9–44.0,4720,20.2,1091,17.4,819,80.2,283,38.8,891,98.8,8,United Arab Emirates
4730,401–500,Sichuan University,40.9–44.0,4730,36.9,279,40.8,209,47.7,796,91.7,71,38.9,930,China
4740,401–500,SOAS University of London,40.9–44.0,4740,41.9,186,41.1,205,34.7,1028,34.9,1548,79.6,212,United Kingdom
4750,401–500,University of South Carolina-Columbia,40.9–44.0,4750,35.1,330,27.5,459,62.5,552,36.4,1168,46.4,718,United States
4760,401–500,South China University of Technology,40.9–44.0,4760,26.8,612,33.1,321,67.8,462,82.8,108,33.8,1060,China
4770,401–500,Southern Medical University,40.9–44.0,4770,36.6,288,34.8,295,60.1,595,42.6,626,24.5,1348,China
4780,401–500,University of Southern Queensland,40.9–44.0,4780,21.7,953,23.8,559,74.2,375,38.9,879,79.3,214,Australia
4790,401–500,SRUC (Scotland’s Rural College),40.9–44.0,4790,23.6,809,12.4,1164,81.9,254,41.8,666,59.0,477,United Kingdom
4800,401–500,University of Stavanger,40.9–44.0,4800,18.5,1253,14.0,1021,83.4,239,41.7,673,76.1,251,Norway
4810,401–500,University of Strathclyde,40.9–44.0,4810,30.4,470,32.1,345,54.2,684,49.5,405,88.2,129,United Kingdom
4820,401–500,University of Tabuk,40.9–44.0,4820,15.7,1563,7.8,1655,92.5,113,35.7,1304,72.9,280,Saudi Arabia
4830,401–500,Technion Israel Institute of Technology,40.9–44.0,4830,34.7,339,30.3,381,52.7,707,36.8,1113,70.1,321,Israel
4840,401–500,Tianjin University,40.9–44.0,4840,36.2,301,42.5,189,46.2,831,95.4,52,38.6,939,China
4850,401–500,Ton Duc Thang University,40.9–44.0,4850,14.5,1627,13.4,1079,99.3,18,38.4,935,62.6,416,Vietnam
4860,401–500,TU Dortmund University,40.9–44.0,4860,37.3,270,42.7,187,49.8,765,48.5,425,42.9,814,Germany
4870,401–500,Tulane University,40.9–44.0,4870,40.4,210,22.6,590,68.1,460,36.8,1114,44.4,770,United States
4880,401–500,University of Turin,40.9–44.0,4880,22.3,905,27.8,447,76.4,344,43.8,572,41.8,842,Italy
4890,401–500,TU Wien,40.9–44.0,4890,35.8,306,36.0,277,41.2,915,68.3,204,87.0,141,Austria
4900,401–500,University of Vaasa,40.9–44.0,4900,24.7,738,25.6,507,76.8,338,37.3,1055,63.7,400,Finland
4910,401–500,University of Valencia,40.9–44.0,4910,24.1,782,22.7,586,75.5,355,37.5,1036,49.6,640,Spain
4920,401–500,Verona University,40.9–44.0,4920,29.2,515,22.7,587,76.1,348,45.8,501,42.4,830,Italy
4930,401–500,University of Vic – Central University of Catalonia,40.9–44.0,4930,16.2,1524,11.8,1232,90.0,146,37.0,1095,60.3,452,Spain
4940,401–500,Victoria University,40.9–44.0,4940,27.0,604,28.8,419,63.4,536,43.9,567,87.8,133,Australia
4950,401–500,University of Waikato,40.9–44.0,4950,22.1,920,29.8,388,64.4,514,46.7,479,95.3,39,New Zealand
4960,401–500,Wayne State University,40.9–44.0,4960,32.5,404,18.9,738,73.1,392,48.2,433,36.2,997,United States
4970,401–500,University of the West of England,40.9–44.0,4970,16.9,1444,14.2,1010,87.3,183,35.2,1450,70.0,322,United Kingdom
4980,401–500,The University of the West Indies,40.9–44.0,4980,18.9,1203,10.9,1318,91.7,120,35.5,1352,57.7,495,Jamaica
4990,401–500,Xiamen University,40.9–44.0,4990,29.1,520,23.9,553,74.0,378,52.0,362,33.5,1067,China
5000,401–500,Xi’an Jiaotong University,40.9–44.0,5000,38.5,246,40.1,218,44.8,852,75.8,153,39.7,906,China
5010,401–500,Yokohama City University,40.9–44.0,5010,26.4,632,8.9,1553,93.0,106,43.2,601,22.3,1432,Japan
5020,401–500,York University,40.9–44.0,5020,27.4,589,33.9,307,59.3,606,43.1,609,73.5,274,Canada
5030,501–600,Aberystwyth University,38.1–40.8,5030,24.1,771,24.9,519,63.0,540,38.6,901,79.0,218,United Kingdom
5040,501–600,Alagappa University,38.1–40.8,5040,34.4,343,9.5,1473,75.2,360,35.2,1414,31.0,1139,India
5050,501–600,American University,38.1–40.8,5050,40.2,213,17.4,811,65.4,494,41.4,688,34.3,1044,United States
5060,501–600,Amirkabir University of Technology,38.1–40.8,5060,31.7,428,32.6,329,50.4,749,73.3,172,34.3,1045,Iran
5070,501–600,University of L’Aquila,38.1–40.8,5070,31.4,438,23.5,562,66.6,479,43.8,568,34.8,1024,Italy
5080,501–600,"Asia University, Taiwan",38.1–40.8,5080,19.4,1151,36.0,276,52.1,717,100.0,1,51.9,597,Taiwan
5090,501–600,Universidad Autónoma de Chile,38.1–40.8,5090,13.4,1652,9.8,1433,96.7,59,34.8,1565,51.7,599,Chile
5100,501–600,University of Bari Aldo Moro,38.1–40.8,5100,18.1,1295,20.5,674,81.2,262,35.9,1249,33.2,1072,Italy
5110,501–600,Beihang University,38.1–40.8,5110,33.0,381,38.2,244,43.5,870,97.5,38,32.5,1089,China
5120,501–600,Beijing University of Chemical Technology,38.1–40.8,5120,21.9,927,22.5,593,71.9,404,58.4,283,23.1,1402,China
5130,501–600,Birmingham City University,38.1–40.8,5130,17.1,1415,10.8,1319,81.2,263,34.9,1526,66.9,355,United Kingdom
5140,501–600,Bond University,38.1–40.8,5140,21.6,956,20.5,675,62.4,553,36.4,1159,89.1,115,Australia
5150,501–600,Bucharest University of Economic Studies,38.1–40.8,5150,17.9,1313,11.4,1255,93.1,103,35.8,1273,22.6,1416,Romania
5160,501–600,University of Camerino (Unicam),38.1–40.8,5160,21.8,938,15.6,914,73.5,384,46.1,495,48.9,652,Italy
5170,501–600,University of Canterbury,38.1–40.8,5170,24.5,749,26.5,479,55.0,668,38.8,882,93.5,70,New Zealand
5180,501–600,Capital Medical University,38.1–40.8,5180,30.6,461,17.9,781,77.3,327,35.2,1422,23.8,1378,China
5190,501–600,Centrale Nantes,38.1–40.8,5190,33.0,382,29.7,390,40.7,924,76.9,142,85.5,155,France
5200,501–600,CEU Universities,38.1–40.8,5200,18.3,1268,9.2,1503,92.7,109,38.5,919,50.0,634,Spain
5210,501–600,Charles Darwin University,38.1–40.8,5210,23.0,850,30.0,383,55.9,658,46.8,471,79.4,213,Australia
5220,501–600,Charles University in Prague,38.1–40.8,5220,33.0,383,28.3,429,52.0,720,35.2,1424,63.8,397,Czech Republic
5230,501–600,Clark University,38.1–40.8,5230,23.2,841,20.9,658,68.5,452,34.8,1576,57.1,506,United States
5240,501–600,Complutense University of Madrid,38.1–40.8,5240,30.0,488,31.5,356,53.3,695,38.1,961,43.9,788,Spain
5250,501–600,University of Costa Rica,38.1–40.8,5250,18.3,1269,8.9,1539,91.0,126,34.8,1577,48.2,669,Costa Rica
5260,501–600,Cyprus University of Technology,38.1–40.8,5260,21.9,929,17.6,802,70.0,432,37.0,1086,78.4,225,Cyprus
5270,501–600,University of Desarrollo,38.1–40.8,5270,14.9,1605,10.1,1397,89.4,151,38.0,970,50.4,626,Chile
5280,501–600,Diego Portales University,38.1–40.8,5280,15.6,1566,11.0,1294,86.2,200,34.8,1580,51.4,609,Chile
5290,501–600,Don State Technical University,38.1–40.8,5290,17.1,1419,8.2,1615,96.9,56,36.2,1187,27.4,1246,Russian Federation
5300,501–600,Dublin City University,38.1–40.8,5300,23.1,848,32.7,328,54.9,671,41.0,713,70.7,309,Ireland
5310,501–600,University of Eastern Finland,38.1–40.8,5310,24.0,784,28.1,433,65.0,500,38.8,883,50.5,623,Finland
5320,501–600,Eastern Mediterranean University,38.1–40.8,5320,21.9,930,12.6,1141,68.8,450,39.6,818,89.2,113,Northern Cyprus
5330,501–600,Edinburgh Napier University,38.1–40.8,5330,17.5,1362,15.7,905,72.3,400,35.2,1427,85.1,157,United Kingdom
5340,501–600,University of Electronic Science and Technology of China,38.1–40.8,5340,27.4,586,27.7,450,64.0,522,76.0,148,35.8,1002,China
5350,501–600,Federal University of Toulouse Midi-Pyrénées,38.1–40.8,5350,26.4,628,25.7,503,63.8,528,36.9,1100,63.3,404,France
5360,501–600,Ferhat Abbas Sétif University 1,38.1–40.8,5360,19.5,1144,8.1,1626,93.8,98,34.8,1592,40.8,873,Algeria
5370,501–600,Florida International University,38.1–40.8,5370,32.1,414,27.8,442,62.4,554,35.6,1313,40.3,885,United States
5380,501–600,University of Guelph,38.1–40.8,5380,29.0,521,31.3,361,48.7,778,48.4,427,60.6,446,Canada
5390,501–600,Gwangju Institute of Science and Technology (GIST),38.1–40.8,5390,41.4,191,39.9,220,33.2,1056,75.9,149,39.9,897,South Korea
5400,501–600,Harbin Institute of Technology,38.1–40.8,5400,40.8,196,37.2,260,44.4,856,44.2,553,33.0,1080,China
5410,501–600,Heriot-Watt University,38.1–40.8,5410,27.7,570,27.7,451,53.2,697,45.0,524,94.2,57,United Kingdom
5420,501–600,Hokkaido University,38.1–40.8,5420,44.2,162,38.5,238,31.3,1091,66.3,211,41.0,871,Japan
5430,501–600,University of International Business and Economics,38.1–40.8,5430,27.1,596,17.5,806,66.9,474,36.7,1123,59.3,470,China
5440,501–600,Iran University of Medical Sciences,38.1–40.8,5440,46.2,139,15.7,907,60.8,584,40.8,729,24.1,1367,Iran
5450,501–600,"Islamic Azad University, Najafabad Branch (IAUN)",38.1–40.8,5450,16.3,1509,11.5,1249,98.3,37,37.1,1070,22.4,1424,Iran
5460,501–600,Jagiellonian University,38.1–40.8,5460,30.4,468,23.8,557,66.5,480,35.7,1293,40.6,878,Poland
5470,501–600,Kafrelsheikh University,38.1–40.8,5470,14.3,1635,8.0,1639,93.1,104,37.5,1033,47.6,684,Egypt
5480,501–600,Keele University,38.1–40.8,5480,21.8,941,24.2,538,64.2,517,35.7,1294,71.5,300,United Kingdom
5490,501–600,University of Kentucky,38.1–40.8,5490,36.8,280,27.5,458,56.7,639,39.2,851,38.8,933,United States
5500,501–600,Koç University,38.1–40.8,5500,30.2,479,36.1,275,50.5,747,70.6,191,51.0,615,Turkey
5510,501–600,Kyushu University,38.1–40.8,5510,43.2,171,37.5,252,34.0,1042,77.4,139,42.4,829,Japan
5520,501–600,University of Lagos,38.1–40.8,5520,16.1,1526,10.2,1390,90.3,140,35.9,1259,32.1,1103,Nigeria
5530,501–600,University of Lille,38.1–40.8,5530,31.1,448,22.1,614,61.9,560,41.6,680,63.3,405,France
5540,501–600,Lincoln University,38.1–40.8,5540,26.6,622,22.5,595,51.6,727,53.3,338,96.0,28,New Zealand
5540,501–600,University of Lincoln,38.1–40.8,5540,17.2,1408,16.0,885,79.9,288,35.5,1342,73.3,276,United Kingdom
5560,501–600,University of Lisbon,38.1–40.8,5560,24.8,729,32.6,332,56.2,651,42.0,652,60.6,447,Portugal
5570,501–600,Mansoura University,38.1–40.8,5570,18.5,1248,11.0,1296,88.5,167,38.8,887,47.0,704,Egypt
5580,501–600,Maynooth University,38.1–40.8,5580,22.2,909,27.6,454,61.5,567,37.7,1018,79.0,219,Ireland
5590,501–600,University of Messina,38.1–40.8,5590,29.1,517,23.3,568,68.1,458,36.6,1142,31.4,1120,Italy
5600,501–600,Mizzou - University of Missouri,38.1–40.8,5600,36.3,299,26.0,495,56.3,648,39.4,838,43.9,789,United States
5610,501–600,University of Mohaghegh Ardabili,38.1–40.8,5610,20.8,1029,10.9,1306,87.6,180,35.6,1321,22.8,1413,Iran
5620,501–600,University of Montana,38.1–40.8,5620,35.1,329,20.6,673,64.0,523,35.6,1322,28.6,1210,United States
5630,501–600,Murdoch University,38.1–40.8,5630,20.9,1018,27.2,466,58.5,617,46.2,493,92.6,78,Australia
5640,501–600,University of Nairobi,38.1–40.8,5640,14.1,1642,8.0,1642,96.7,61,34.8,1628,47.1,701,Kenya
5650,501–600,University of Nebraska Medical Center,38.1–40.8,5650,35.3,324,12.3,1174,71.5,409,38.7,899,44.1,777,United States
5660,501–600,New Jersey Institute of Technology,38.1–40.8,5660,21.4,980,19.8,700,61.8,563,38.5,924,85.5,156,United States
5670,501–600,Northern Arizona University,38.1–40.8,5670,22.0,924,15.1,946,86.3,197,35.4,1369,35.1,1019,United States
5680,501–600,North-West University,38.1–40.8,5680,22.6,881,19.1,727,75.5,354,39.1,858,49.0,650,South Africa
5690,501–600,Northwestern Polytechnical University,38.1–40.8,5690,28.7,534,34.5,300,49.6,767,81.5,113,37.4,973,China
5700,501–600,Nottingham Trent University,38.1–40.8,5700,20.3,1078,14.9,959,77.0,336,35.5,1346,78.2,227,United Kingdom
5710,501–600,Oklahoma State University,38.1–40.8,5710,29.6,502,20.3,684,67.5,467,38.1,968,45.6,738,United States
5720,501–600,University of Perugia,38.1–40.8,5720,21.4,982,17.9,783,77.2,331,43.1,604,48.3,668,Italy
5730,501–600,Plekhanov Russian University of Economics,38.1–40.8,5730,23.3,835,11.0,1297,81.5,260,37.4,1045,36.0,998,Russian Federation
5740,501–600,Polytechnic University of Bari,38.1–40.8,5740,17.3,1397,22.2,613,79.2,296,55.5,314,34.6,1031,Italy
5750,501–600,Pontifical Javeriana University,38.1–40.8,5750,16.5,1487,10.9,1311,88.2,171,35.1,1480,44.0,785,Colombia
5760,501–600,University of Portsmouth,38.1–40.8,5760,20.0,1111,17.8,788,70.6,422,35.6,1330,90.0,102,United Kingdom
5770,501–600,Quaid-i-Azam University,38.1–40.8,5770,26.7,617,16.4,860,73.6,383,36.1,1219,46.4,717,Pakistan
5780,501–600,Rensselaer Polytechnic Institute,38.1–40.8,5780,30.2,482,27.9,441,52.2,716,52.0,361,57.4,500,United States
5790,501–600,Riga Stradiņš University,38.1–40.8,5790,15.7,1562,9.8,1443,82.1,252,38.9,877,73.9,268,Latvia
5800,501–600,Sabancı University,38.1–40.8,5800,26.3,635,37.1,262,42.8,881,99.1,27,57.5,498,Turkey
5810,501–600,Saint Louis University,38.1–40.8,5810,37.8,263,16.0,887,61.5,568,37.3,1052,33.8,1059,United States
5820,501–600,University of Sannio,38.1–40.8,5820,18.7,1229,17.4,818,81.1,266,54.1,331,29.5,1182,Italy
5830,501–600,University of Saskatchewan,38.1–40.8,5830,35.3,326,29.9,385,45.5,838,75.8,152,73.7,271,Canada
5840,501–600,University of Sassari,38.1–40.8,5840,28.4,541,26.8,476,65.8,490,37.9,991,38.1,952,Italy
5850,501–600,Southeast University,38.1–40.8,5850,30.2,483,35.4,283,46.8,815,95.8,49,37.9,960,China
5860,501–600,Southwestern University of Finance and Economics,38.1–40.8,5860,20.5,1067,13.3,1084,87.0,188,37.8,1008,41.8,841,China
5870,501–600,University of Strasbourg,38.1–40.8,5870,26.7,618,21.2,648,60.3,589,42.0,654,72.5,286,France
5880,501–600,Suez Canal University,38.1–40.8,5880,19.0,1192,8.2,1621,90.4,139,37.2,1063,46.8,710,Egypt
5890,501–600,Sumy State University,38.1–40.8,5890,21.0,1012,11.5,1253,79.9,289,40.7,743,53.1,578,Ukraine
5900,501–600,Universiti Teknologi Petronas,38.1–40.8,5900,29.2,514,31.6,355,41.8,898,73.7,169,73.8,269,Malaysia
5910,501–600,Thapar Institute of Engineering and Technology,38.1–40.8,5910,23.0,854,11.3,1272,85.0,220,35.1,1485,21.5,1469,India
5920,501–600,Tokyo Medical and Dental University (TMDU),38.1–40.8,5920,45.4,148,28.4,428,41.3,912,70.9,186,29.3,1188,Japan
5930,501–600,University of Trieste,38.1–40.8,5930,30.1,487,24.2,540,66.2,485,36.9,1105,47.8,682,Italy
5940,501–600,University of Tsukuba,38.1–40.8,5940,43.6,168,38.3,243,37.9,979,48.1,437,42.5,827,Japan
5950,501–600,University of Tuscia,38.1–40.8,5950,18.2,1292,17.8,791,85.2,215,38.8,893,37.2,977,Italy
5960,501–600,University of Urbino Carlo Bo,38.1–40.8,5960,16.0,1541,16.3,869,78.7,309,41.3,703,50.4,628,Italy
5970,501–600,Urmia University of Medical Sciences,38.1–40.8,5970,34.4,349,10.4,1371,77.5,326,43.4,591,17.6,1604,Iran
5980,501–600,Victoria University of Wellington,38.1–40.8,5980,25.5,688,32.1,346,51.9,722,52.5,350,88.8,122,New Zealand
5990,501–600,University of the West of Scotland,38.1–40.8,5990,18.4,1264,14.5,987,74.5,370,35.4,1378,79.2,217,United Kingdom
6000,501–600,Zhejiang Normal University,38.1–40.8,6000,17.7,1345,14.2,1011,85.0,221,62.5,246,32.8,1085,China
6010,601–800,Abdul Wali Khan University Mardan,32.0–37.9,6010,14.6,1616,10.4,1361,80.9,268,34.8,1559,45.9,731,Pakistan
6020,601–800,Åbo Akademi University,32.0–37.9,6020,23.4,820,30.5,375,42.5,882,37.9,981,66.8,359,Finland
6030,601–800,Ahvaz Jundishapur University of Medical Sciences (AJUMS),32.0–37.9,6030,33.1,377,10.1,1395,62.9,542,35.5,1334,16.1,1640,Iran
6040,601–800,The University of Aizu,32.0–37.9,6040,21.7,947,13.0,1103,52.3,712,35.9,1248,72.8,281,Japan
6050,601–800,Ajou University,32.0–37.9,6050,28.1,550,36.2,273,39.3,957,77.8,136,38.1,950,South Korea
6060,601–800,The University of Alabama,32.0–37.9,6060,27.0,600,18.8,739,59.0,611,36.3,1169,30.1,1165,United States
6070,601–800,University of Alabama in Huntsville,32.0–37.9,6070,23.2,839,20.4,678,53.9,686,72.0,178,42.3,831,United States
6080,601–800,University of Alcalá,32.0–37.9,6080,20.6,1038,14.5,982,53.8,689,40.5,752,63.1,406,Spain
6090,601–800,Aristotle University of Thessaloniki,32.0–37.9,6090,18.6,1232,17.6,798,63.8,527,42.7,617,41.5,847,Greece
6100,601–800,University of Arkansas,32.0–37.9,6100,28.5,537,27.6,452,45.1,845,38.1,959,30.1,1167,United States
6110,601–800,Auburn University,32.0–37.9,6110,31.1,446,22.7,582,47.5,799,41.8,662,48.1,674,United States
6120,601–800,Azarbaijan Shahid Madani University,32.0–37.9,6120,16.7,1463,13.0,1104,76.8,337,36.7,1119,23.4,1394,Iran
6130,601–800,University of the Balearic Islands,32.0–37.9,6130,16.8,1446,15.4,925,62.1,557,34.9,1523,45.4,743,Spain
6140,601–800,Banaras Hindu University,32.0–37.9,6140,35.4,319,18.2,766,58.4,619,34.9,1524,18.9,1555,India
6150,601–800,Bar-Ilan University,32.0–37.9,6150,30.6,460,33.3,318,39.4,954,46.9,468,51.7,600,Israel
6160,601–800,Beijing Institute of Technology,32.0–37.9,6160,31.6,430,32.8,326,43.2,877,99.9,16,25.5,1306,China
6170,601–800,University of Beira Interior,32.0–37.9,6170,18.6,1233,19.6,703,52.6,708,37.5,1029,57.4,499,Portugal
6180,601–800,University of Bergamo,32.0–37.9,6180,18.8,1204,21.9,619,55.4,664,40.3,767,35.3,1013,Italy
6190,601–800,Bilkent University,32.0–37.9,6190,22.6,875,20.7,666,45.2,843,48.1,434,63.1,407,Turkey
6200,601–800,Université Bourgogne Franche-Comté (UBFC),32.0–37.9,6200,18.3,1266,16.2,870,70.4,424,41.0,710,56.0,527,France
6210,601–800,University of Bradford,32.0–37.9,6210,21.4,974,19.6,704,49.3,772,37.9,982,79.8,207,United Kingdom
6220,601–800,University of Brighton,32.0–37.9,6220,19.8,1124,15.5,921,54.4,678,35.2,1421,76.6,246,United Kingdom
6230,601–800,Ca’ Foscari University of Venice,32.0–37.9,6230,33.7,363,27.3,462,33.5,1052,40.9,718,58.8,478,Italy
6240,601–800,Cairo University,32.0–37.9,6240,23.2,840,16.7,845,55.6,661,35.6,1308,36.9,981,Egypt
6250,601–800,University of Calabria,32.0–37.9,6250,16.2,1517,17.6,800,62.3,555,35.5,1336,38.2,946,Italy
6260,601–800,Carleton University,32.0–37.9,6260,22.1,914,29.8,386,52.3,713,40.3,768,71.6,295,Canada
6270,601–800,University of Catania,32.0–37.9,6270,25.0,721,19.7,701,70.4,425,36.1,1204,31.4,1119,Italy
6280,601–800,University of Central Florida,32.0–37.9,6280,27.2,593,28.6,421,56.6,642,45.5,508,34.5,1036,United States
6290,601–800,Institute of Chemical Technology,32.0–37.9,6290,36.5,289,28.5,424,36.8,996,51.0,376,14.6,1660,India
6300,601–800,China Agricultural University,32.0–37.9,6300,31.3,442,29.0,409,52.7,706,54.5,320,24.2,1361,China
6310,601–800,Chongqing University,32.0–37.9,6310,25.3,694,28.7,420,46.9,809,86.6,95,25.8,1294,China
6320,601–800,Chung-Ang University,32.0–37.9,6320,35.5,313,37.4,256,27.5,1162,76.9,143,53.5,570,South Korea
6330,601–800,University of Coimbra,32.0–37.9,6330,24.5,750,32.0,347,45.4,840,47.0,464,60.0,456,Portugal
6340,601–800,Concordia University,32.0–37.9,6340,23.5,812,27.7,449,42.4,886,37.1,1066,85.0,159,Canada
6350,601–800,Covenant University,32.0–37.9,6350,19.0,1184,20.5,676,56.7,638,44.7,532,31.0,1141,Nigeria
6360,601–800,Coventry University,32.0–37.9,6360,20.0,1104,13.9,1024,47.7,795,35.0,1492,92.7,76,United Kingdom
6370,601–800,CY Cergy Paris University,32.0–37.9,6370,24.6,741,24.8,521,49.2,775,41.0,712,88.5,125,France
6380,601–800,Dalian University of Technology,32.0–37.9,6380,25.6,675,25.7,502,42.1,892,73.5,171,31.1,1133,China
6390,601–800,Delhi Technological University,32.0–37.9,6390,17.0,1425,15.0,949,78.2,315,42.2,643,16.3,1635,India
6400,601–800,De Montfort University,32.0–37.9,6400,17.5,1361,15.0,950,51.1,738,34.9,1531,86.5,145,United Kingdom
6410,601–800,University of Derby,32.0–37.9,6410,17.2,1404,11.7,1233,59.2,607,35.2,1425,67.3,351,United Kingdom
6420,601–800,University of Deusto,32.0–37.9,6420,18.8,1206,19.6,706,56.9,637,40.5,755,45.6,735,Spain
6430,601–800,Eötvös Loránd University,32.0–37.9,6430,32.0,416,16.3,863,50.4,750,35.3,1382,53.8,563,Hungary
6440,601–800,Ewha Womans University,32.0–37.9,6440,33.3,371,32.9,325,29.4,1127,79.1,129,46.1,724,South Korea
6450,601–800,Federal University of Minas Gerais,32.0–37.9,6450,33.3,372,18.8,741,50.0,756,39.3,844,29.5,1181,Brazil
6460,601–800,Universidade Federal do Rio Grande do Sul,32.0–37.9,6460,31.5,434,20.0,694,49.5,769,46.7,476,28.1,1224,Brazil
6470,601–800,Universidade Federal de Sergipe,32.0–37.9,6470,17.7,1335,9.5,1475,87.0,187,34.8,1589,22.2,1434,Brazil
6480,601–800,Federation University Australia,32.0–37.9,6480,17.6,1347,14.8,966,51.2,736,39.5,829,78.8,220,Australia
6490,601–800,Gabriele d‘Annunzio University,32.0–37.9,6490,15.0,1596,16.6,850,72.7,395,36.1,1207,38.7,936,Italy
6500,601–800,University of Girona,32.0–37.9,6500,19.5,1145,20.1,687,56.0,655,37.9,986,53.0,580,Spain
6510,601–800,Glasgow Caledonian University,32.0–37.9,6510,19.2,1173,13.8,1032,61.0,580,35.3,1386,66.0,369,United Kingdom
6520,601–800,Government College University Faisalabad,32.0–37.9,6520,14.6,1617,12.1,1191,73.9,379,34.8,1597,43.0,809,Pakistan
6530,601–800,University of Granada,32.0–37.9,6530,21.8,940,23.2,569,55.1,666,35.1,1463,50.1,631,Spain
6540,601–800,University of Graz,32.0–37.9,6540,22.3,902,20.0,695,53.6,692,36.8,1109,79.2,216,Austria
6550,601–800,Graz University of Technology,32.0–37.9,6550,29.4,505,18.0,777,47.2,804,71.6,181,81.2,188,Austria
6560,601–800,University of Greenwich,32.0–37.9,6560,17.7,1337,15.9,892,60.3,588,35.8,1276,93.5,71,United Kingdom
6570,601–800,Guangdong University of Technology,32.0–37.9,6570,16.0,1535,14.5,984,67.0,471,42.4,634,25.9,1290,China
6580,601–800,Guangzhou University,32.0–37.9,6580,16.4,1493,10.1,1398,75.7,352,38.2,953,28.8,1204,China
6590,601–800,Hacettepe University,32.0–37.9,6590,26.8,608,13.5,1059,61.1,577,37.0,1087,24.3,1358,Turkey
6600,601–800,University of Haifa,32.0–37.9,6600,24.0,787,22.7,584,64.5,511,35.7,1291,39.7,903,Israel
6610,601–800,Hamburg University of Technology,32.0–37.9,6610,34.1,354,21.2,647,45.1,846,95.6,51,57.5,497,Germany
6620,601–800,Hazara University Mansehra,32.0–37.9,6620,16.3,1507,9.3,1495,74.8,364,34.8,1602,42.2,834,Pakistan
6630,601–800,University of Hertfordshire,32.0–37.9,6630,18.8,1207,12.9,1122,51.1,739,35.3,1387,84.3,162,United Kingdom
6640,601–800,University of Houston,32.0–37.9,6640,33.1,379,25.8,500,50.0,757,36.6,1137,43.5,797,United States
6650,601–800,Huazhong Agricultural University,32.0–37.9,6650,24.2,768,16.6,851,61.7,564,42.8,615,25.1,1322,China
6660,601–800,University of Huddersfield,32.0–37.9,6660,24.3,764,23.4,566,49.9,763,37.5,1032,81.3,187,United Kingdom
6670,601–800,University of Hull,32.0–37.9,6670,23.4,822,23.9,548,56.6,643,36.5,1150,77.8,229,United Kingdom
6680,601–800,University of Idaho,32.0–37.9,6680,29.2,511,21.8,623,47.1,806,36.5,1151,48.4,666,United States
6690,601–800,Indian Institute of Technology Gandhinagar,32.0–37.9,6690,29.1,516,28.4,427,54.0,685,55.1,316,25.0,1327,India
6700,601–800,Indraprastha Institute of Information Technology Delhi,32.0–37.9,6700,17.0,1427,12.9,1123,64.2,516,63.5,237,31.9,1106,India
6710,601–800,"International Institute of Information Technology, Hyderabad",32.0–37.9,6710,20.5,1058,11.4,1256,63.8,529,58.8,278,31.6,1116,India
6720,601–800,"International Islamic University, Islamabad",32.0–37.9,6720,20.3,1076,10.3,1380,68.9,448,34.8,1608,51.7,605,Pakistan
6730,601–800,Iran University of Science and Technology,32.0–37.9,6730,31.3,443,31.5,357,47.6,797,90.7,76,19.1,1551,Iran
6740,601–800,ISCTE-University Institute of Lisbon,32.0–37.9,6740,27.8,564,28.8,418,39.6,948,40.8,730,53.8,564,Portugal
6750,601–800,Istanbul Technical University,32.0–37.9,6750,28.3,543,34.8,293,27.6,1159,100.0,2,36.9,983,Turkey
6760,601–800,ITMO University,32.0–37.9,6760,30.7,458,32.5,335,33.0,1065,96.0,47,64.0,395,Russian Federation
6770,601–800,Jamia Millia Islamia,32.0–37.9,6770,31.9,425,11.9,1217,63.5,534,36.6,1138,25.8,1295,India
6780,601–800,Jawaharlal Nehru University,32.0–37.9,6780,45.1,152,25.0,516,37.2,988,36.3,1173,19.2,1548,India
6790,601–800,Jinan University,32.0–37.9,6790,23.2,844,18.6,750,52.8,704,41.3,699,56.8,512,China
6800,601–800,University of Johannesburg,32.0–37.9,6800,24.0,788,31.0,367,35.6,1011,42.5,629,74.3,263,South Africa
6810,601–800,Johannes Kepler University of Linz,32.0–37.9,6810,27.2,594,20.3,682,42.8,879,55.6,312,71.5,299,Austria
6820,601–800,University of Kaiserslautern,32.0–37.9,6820,34.9,337,25.7,504,33.9,1044,70.8,188,55.3,534,Germany
6830,601–800,Kansai Medical University,32.0–37.9,6830,25.4,691,8.9,1546,80.2,281,36.1,1210,17.6,1603,Japan
6840,601–800,University of Kashan,32.0–37.9,6840,23.5,814,19.4,711,74.7,367,36.7,1124,20.7,1493,Iran
6850,601–800,Kashan University of Medical Sciences and Health Services,32.0–37.9,6850,25.0,723,13.3,1083,73.4,387,35.3,1391,22.4,1426,Iran
6860,601–800,Universiti Kebangsaan Malaysia,32.0–37.9,6860,38.1,256,22.2,612,44.6,854,38.3,942,64.3,392,Malaysia
6870,601–800,Keio University,32.0–37.9,6870,32.9,387,25.0,518,41.6,901,45.0,525,34.7,1027,Japan
6880,601–800,Kerman University of Medical Sciences,32.0–37.9,6880,25.6,679,10.1,1400,62.8,544,41.7,671,18.6,1572,Iran
6890,601–800,Kobe University,32.0–37.9,6890,32.9,388,23.1,572,41.8,897,46.0,497,30.9,1143,Japan
6900,601–800,Konkuk University,32.0–37.9,6900,32.8,393,37.8,248,31.1,1096,47.2,457,50.8,620,South Korea
6910,601–800,University of Kurdistan,32.0–37.9,6910,15.1,1591,14.8,968,76.7,339,38.9,873,26.8,1264,Iran
6920,601–800,Kyungpook National University,32.0–37.9,6920,28.9,525,33.8,309,27.0,1168,86.5,96,41.7,846,South Korea
6930,601–800,University of La Laguna,32.0–37.9,6930,17.8,1330,13.0,1109,64.7,506,36.4,1164,48.0,677,Spain
6940,601–800,University of Latvia,32.0–37.9,6940,19.7,1135,27.1,469,50.3,751,45.9,499,53.7,566,Latvia
6950,601–800,Lehigh University,32.0–37.9,6950,28.8,529,21.3,642,53.4,694,38.0,976,65.0,383,United States
6960,601–800,University of Limerick,32.0–37.9,6960,22.9,857,26.9,472,52.8,705,38.4,931,80.0,205,Ireland
6970,601–800,Lithuanian University of Health Sciences,32.0–37.9,6970,19.9,1120,9.1,1518,75.0,361,35.1,1471,53.2,574,Lithuania
6980,601–800,University of Lorraine,32.0–37.9,6980,20.6,1043,14.8,969,57.5,627,38.1,966,66.3,365,France
6990,601–800,Louisiana State University,32.0–37.9,6990,32.6,401,23.3,567,49.4,771,36.1,1212,39.0,926,United States
7000,601–800,Lviv Polytechnic National University,32.0–37.9,7000,20.0,1107,10.1,1402,69.6,437,35.8,1279,24.5,1346,Ukraine
7010,601–800,Mae Fah Luang University,32.0–37.9,7010,15.0,1597,12.0,1205,63.3,538,36.0,1240,53.0,581,Thailand
7020,601–800,Mahatma Gandhi University,32.0–37.9,7020,42.0,184,28.9,414,35.1,1020,57.0,296,20.8,1489,India
7030,601–800,Mahidol University,32.0–37.9,7030,33.5,368,22.4,602,42.8,880,76.1,147,46.1,726,Thailand
7040,601–800,Makerere University,32.0–37.9,7040,18.4,1260,22.3,609,48.0,789,52.3,353,57.2,505,Uganda
7050,601–800,University of Malakand,32.0–37.9,7050,16.1,1528,10.7,1331,67.0,472,35.4,1367,40.3,887,Pakistan
7060,601–800,Manchester Metropolitan University,32.0–37.9,7060,19.0,1190,16.2,872,64.1,519,35.3,1397,70.3,314,United Kingdom
7070,601–800,Marche Polytechnic University,32.0–37.9,7070,20.8,1027,21.4,636,67.7,465,43.8,570,32.8,1082,Italy
7080,601–800,"University of Maryland, Baltimore County",32.0–37.9,7080,23.5,815,23.8,558,61.2,576,35.7,1295,38.3,944,United States
7090,601–800,Mashhad University of Medical Sciences,32.0–37.9,7090,31.0,450,13.1,1096,60.1,593,34.8,1623,23.7,1380,Iran
7100,601–800,Massey University,32.0–37.9,7100,23.3,834,23.9,549,39.9,942,41.8,663,93.1,74,New Zealand
7110,601–800,Memorial University of Newfoundland,32.0–37.9,7110,23.0,853,20.6,672,46.4,826,59.6,268,80.7,196,Canada
7120,601–800,Middle East Technical University,32.0–37.9,7120,32.9,389,32.5,336,32.9,1070,99.8,21,41.1,866,Turkey
7130,601–800,University of Missouri-St Louis,32.0–37.9,7130,29.6,501,18.9,734,53.5,693,44.9,528,39.9,898,United States
7140,601–800,Montana State University,32.0–37.9,7140,20.5,1060,18.3,763,66.2,483,43.9,563,28.3,1220,United States
7150,601–800,Monterrey Institute of Technology,32.0–37.9,7150,20.8,1031,19.1,726,46.8,813,66.5,209,59.6,465,Mexico
7160,601–800,Moscow State University of Civil Engineering,32.0–37.9,7160,19.9,1121,9.6,1469,71.3,412,52.2,355,23.6,1383,Russian Federation
7170,601–800,Nanjing Medical University,32.0–37.9,7170,38.1,257,27.8,445,40.4,929,36.3,1176,20.6,1497,China
7180,601–800,Nantes Université,32.0–37.9,7180,25.5,686,22.6,589,55.1,667,41.0,715,52.5,590,France
7190,601–800,National Cheng Kung University (NCKU),32.0–37.9,7190,36.5,292,42.3,192,25.2,1204,100.0,6,39.1,924,Taiwan
7200,601–800,National Institute of Applied Sciences of Lyon (INSA Lyon),32.0–37.9,7200,29.1,518,22.5,596,30.8,1105,84.8,103,71.0,307,France
7210,601–800,National University of Science and Technology (MISiS),32.0–37.9,7210,27.7,571,19.2,722,39.6,950,87.6,91,67.9,346,Russian Federation
7220,601–800,National Taiwan Normal University,32.0–37.9,7220,32.2,408,36.4,271,29.3,1130,85.2,102,54.4,554,Taiwan
7230,601–800,National Taiwan University of Science and Technology (Taiwan Tech),32.0–37.9,7230,28.6,535,38.4,242,36.9,993,64.8,228,50.3,630,Taiwan
7240,601–800,University of Neuchâtel,32.0–37.9,7240,26.2,640,23.9,550,46.7,817,37.7,1020,88.1,130,Switzerland
7250,601–800,University of New Brunswick UNB,32.0–37.9,7250,21.3,990,21.0,654,46.5,823,50.1,392,71.6,297,Canada
7260,601–800,University of Nicosia,32.0–37.9,7260,19.1,1180,15.2,936,58.5,618,35.7,1298,94.7,47,Cyprus
7270,601–800,Nippon Medical School,32.0–37.9,7270,26.8,611,9.9,1424,64.7,507,35.1,1476,18.2,1585,Japan
7280,601–800,Northern Illinois University,32.0–37.9,7280,27.0,603,16.2,874,50.0,761,35.6,1327,48.1,676,United States
7290,601–800,Norwegian University of Life Sciences,32.0–37.9,7290,25.9,664,10.9,1307,62.5,551,40.5,756,78.8,221,Norway
7300,601–800,Ohio University (Main campus),32.0–37.9,7300,30.4,469,18.7,746,48.8,777,36.7,1126,31.2,1128,United States
7310,601–800,Ontario Tech University,32.0–37.9,7310,18.6,1238,25.7,505,51.4,733,37.4,1044,60.8,442,Canada
7320,601–800,The Open University,32.0–37.9,7320,18.0,1310,15.8,902,62.8,547,35.1,1479,57.8,491,United Kingdom
7330,601–800,Open University of Catalonia,32.0–37.9,7330,20.5,1062,16.3,866,70.9,418,35.7,1299,46.6,714,Spain
7340,601–800,Oran 1 University,32.0–37.9,7340,30.2,481,8.8,1560,56.6,644,35.3,1402,39.5,912,Algeria
7350,601–800,Oxford Brookes University,32.0–37.9,7350,26.1,650,23.7,560,49.3,774,35.3,1403,81.0,192,United Kingdom
7360,601–800,University of Palermo,32.0–37.9,7360,17.3,1396,20.1,690,60.1,594,35.5,1347,31.4,1122,Italy
7370,601–800,Panjab University,32.0–37.9,7370,32.9,390,14.8,971,52.6,710,35.4,1370,16.5,1631,India
7380,601–800,Panthéon-Sorbonne University – Paris 1,32.0–37.9,7380,43.0,174,37.5,253,14.6,1457,35.0,1503,62.5,418,France
7390,601–800,University of Parma,32.0–37.9,7390,18.7,1226,21.6,629,69.8,433,40.9,725,37.7,963,Italy
7400,601–800,Parthenope University of Naples,32.0–37.9,7400,20.6,1046,19.0,731,69.1,441,36.7,1127,26.9,1262,Italy
7410,601–800,Universidad Peruana Cayetano Heredia,32.0–37.9,7410,19.4,1159,10.2,1391,78.3,314,35.7,1300,47.5,688,Peru
7420,601–800,University of Peshawar,32.0–37.9,7420,28.4,540,10.9,1310,57.2,632,34.8,1635,38.8,934,Pakistan
7430,601–800,University of the Philippines,32.0–37.9,7430,22.6,882,17.5,807,74.3,373,41.7,672,33.1,1076,Philippines
7440,601–800,Universitat Politècnica de Catalunya,32.0–37.9,7440,24.7,735,17.4,816,48.1,786,42.6,624,57.7,494,Spain
7450,601–800,Polytechnic University of Turin,32.0–37.9,7450,24.7,736,27.2,467,56.5,645,52.7,344,51.2,613,Italy
7460,601–800,University of Pretoria,32.0–37.9,7460,25.9,665,29.0,410,35.8,1010,42.4,637,54.9,546,South Africa
7470,601–800,Prince Sattam Bin Abdulaziz University,32.0–37.9,7470,17.3,1398,10.5,1358,62.7,550,35.4,1371,73.2,278,Saudi Arabia
7480,601–800,Universiti Putra Malaysia,32.0–37.9,7480,33.8,362,27.2,468,29.6,1125,64.9,226,77.3,240,Malaysia
7490,601–800,Université du Québec,32.0–37.9,7490,25.5,687,26.9,475,35.5,1014,42.5,630,72.5,285,Canada
7500,601–800,University of Regensburg,32.0–37.9,7500,27.8,568,15.1,947,65.0,502,35.1,1481,55.2,538,Germany
7510,601–800,University of Regina,32.0–37.9,7510,18.5,1251,17.8,789,61.0,581,37.1,1075,67.1,353,Canada
7520,601–800,Renmin University of China,32.0–37.9,7520,34.5,342,21.9,621,50.5,748,40.6,749,40.3,888,China
7530,601–800,University of Rhode Island,32.0–37.9,7530,23.3,836,17.4,817,66.2,484,34.9,1544,43.0,810,United States
7540,601–800,University of Rome III,32.0–37.9,7540,23.6,807,22.4,605,48.0,790,40.8,736,41.5,850,Italy
7550,601–800,Roskilde University,32.0–37.9,7550,20.3,1080,31.6,354,38.9,960,41.5,686,59.5,468,Denmark
7560,601–800,Rovira i Virgili University,32.0–37.9,7560,21.1,1006,21.4,638,62.1,558,38.3,946,54.9,547,Spain
7570,601–800,RUDN University,32.0–37.9,7570,37.6,266,19.2,724,33.0,1066,40.4,764,62.8,411,Russian Federation
7580,601–800,Sahand University of Technology,32.0–37.9,7580,29.3,510,15.3,932,56.0,657,52.4,352,16.8,1626,Iran
7590,601–800,Universiti Sains Malaysia,32.0–37.9,7590,33.5,369,23.9,551,39.9,945,45.2,522,57.3,504,Malaysia
7600,601–800,Saint Petersburg State University,32.0–37.9,7600,43.7,165,34.1,303,16.4,1402,40.1,780,43.4,802,Russian Federation
7610,601–800,San Diego State University,32.0–37.9,7610,24.4,758,11.2,1281,69.5,438,35.4,1374,34.6,1034,United States
7620,601–800,Saveetha Institute of Medical and Technical Sciences,32.0–37.9,7620,21.0,1011,9.0,1532,86.9,189,35.7,1301,26.2,1284,India
7630,601–800,Shahid Beheshti University of Medical Sciences,32.0–37.9,7630,41.5,189,15.1,948,41.5,905,50.9,378,20.0,1524,Iran
7640,601–800,Shanghai University,32.0–37.9,7640,24.1,779,29.1,408,39.5,953,73.6,170,34.0,1054,China
7650,601–800,Shiraz University of Technology,32.0–37.9,7650,24.6,745,22.5,597,68.7,451,40.5,759,25.9,1291,Iran
7660,601–800,University of Siegen,32.0–37.9,7660,23.3,837,24.0,546,44.5,855,39.7,812,53.6,569,Germany
7670,601–800,University of Siena,32.0–37.9,7670,21.6,962,23.5,564,62.8,548,39.3,847,43.6,795,Italy
7680,601–800,"Soochow University, China",32.0–37.9,7680,23.3,838,22.3,610,68.3,456,61.9,249,28.3,1221,China
7690,601–800,Southern Cross University,32.0–37.9,7690,19.7,1137,23.0,575,57.0,635,44.4,544,71.4,302,Australia
7700,601–800,Stevens Institute of Technology,32.0–37.9,7700,22.5,891,18.2,767,62.3,556,37.4,1046,72.6,283,United States
7710,601–800,University of the Sunshine Coast,32.0–37.9,7710,22.2,910,27.1,470,48.3,782,43.2,600,71.9,291,Australia
7720,601–800,SUNY Binghamton University,32.0–37.9,7720,24.6,747,21.2,649,59.6,599,38.5,926,38.1,953,United States
7730,601–800,University of Tabriz,32.0–37.9,7730,28.5,539,21.3,643,61.4,571,40.6,751,30.3,1160,Iran
7740,601–800,Tabriz University of Medical Sciences,32.0–37.9,7740,43.0,175,13.3,1086,55.6,663,34.9,1553,21.5,1468,Iran
7750,601–800,Tallinn University of Technology,32.0–37.9,7750,20.4,1071,19.7,702,48.2,784,51.7,365,72.7,282,Estonia
7760,601–800,Tehran University of Medical Sciences,32.0–37.9,7760,48.5,116,17.7,797,48.0,791,42.1,648,27.2,1257,Iran
7770,601–800,Universiti Teknologi Malaysia,32.0–37.9,7770,31.3,445,22.9,578,39.4,956,47.5,451,62.6,415,Malaysia
7780,601–800,University of Texas at Arlington,32.0–37.9,7780,21.6,963,18.9,736,54.7,674,41.6,682,44.5,766,United States
7790,601–800,The University of Texas at San Antonio,32.0–37.9,7790,19.8,1131,20.1,693,70.3,430,37.1,1078,38.9,932,United States
7800,601–800,Texas Tech University,32.0–37.9,7800,27.9,561,19.1,730,48.0,792,36.1,1222,52.8,587,United States
7810,601–800,Tokyo Metropolitan University,32.0–37.9,7810,24.4,759,14.5,986,59.4,603,39.3,849,27.8,1237,Japan
7820,601–800,University of Toledo,32.0–37.9,7820,32.2,411,14.0,1022,48.2,785,40.5,760,47.0,707,United States
7830,601–800,Tomsk State University,32.0–37.9,7830,40.4,208,34.9,292,21.9,1274,59.4,271,73.6,273,Russian Federation
7840,601–800,TU Braunschweig,32.0–37.9,7840,25.9,668,17.8,790,56.2,652,44.7,534,56.5,517,Germany
7850,601–800,University of Udine,32.0–37.9,7850,22.3,906,17.3,824,69.0,446,39.4,841,39.8,901,Italy
7860,601–800,University of Ulsan,32.0–37.9,7860,22.5,892,26.0,498,64.7,508,72.9,175,24.4,1354,South Korea
7870,601–800,Ulster University,32.0–37.9,7870,24.5,753,19.6,708,47.5,801,37.1,1080,77.7,233,United Kingdom
7880,601–800,Umm Al-Qura University,32.0–37.9,7880,32.7,400,13.4,1080,36.0,1007,59.3,272,81.6,185,Saudi Arabia
7890,601–800,Universiti Utara Malaysia,32.0–37.9,7890,30.6,464,24.3,533,42.4,890,38.2,957,70.2,317,Malaysia
7900,601–800,University of Warsaw,32.0–37.9,7900,29.5,504,27.3,463,44.1,861,35.9,1267,44.1,779,Poland
7910,601–800,Wenzhou University,32.0–37.9,7910,16.3,1516,10.5,1360,75.7,353,38.5,927,24.5,1349,China
7920,601–800,Wenzhou Medical University,32.0–37.9,7920,17.7,1342,13.6,1056,76.0,349,36.7,1132,28.7,1209,China
7930,601–800,University of the Western Cape,32.0–37.9,7930,20.6,1050,24.1,542,63.0,541,34.8,1659,62.8,412,South Africa
7940,601–800,University of Windsor,32.0–37.9,7940,34.2,353,28.1,438,33.2,1059,48.5,426,87.3,137,Canada
7950,601–800,University of Wisconsin-Milwaukee,32.0–37.9,7950,22.5,893,22.0,618,59.7,597,36.9,1106,33.7,1063,United States
7960,601–800,Worcester Polytechnic Institute,32.0–37.9,7960,24.4,760,19.3,721,50.1,755,37.0,1096,52.6,589,United States
7970,601–800,University of Wuppertal,32.0–37.9,7970,26.8,613,23.1,574,50.8,743,48.1,439,47.6,685,Germany
7980,601–800,University of Wyoming,32.0–37.9,7980,30.4,472,13.4,1081,54.3,681,36.9,1107,35.8,1004,United States
7990,601–800,Xi’an Jiaotong-Liverpool University,32.0–37.9,7990,16.8,1462,14.4,995,71.8,406,36.1,1223,75.8,253,China
8000,601–800,Zayed University,32.0–37.9,8000,17.6,1357,16.1,882,64.9,503,35.9,1268,74.0,266,United Arab Emirates
8010,801–1000,University of the Aegean,27.2–31.9,8010,18.1,1293,19.9,696,49.5,768,53.4,337,37.5,970,Greece
8020,801–1000,"University of Agriculture, Faisalabad",27.2–31.9,8020,19.1,1176,16.1,876,44.9,850,48.9,415,42.8,815,Pakistan
8030,801–1000,Al-Balqa Applied University,27.2–31.9,8030,13.3,1654,11.4,1254,58.2,622,44.2,551,48.1,671,Jordan
8040,801–1000,University of Algarve,27.2–31.9,8040,17.4,1373,16.1,877,40.3,931,36.1,1202,68.1,341,Portugal
8050,801–1000,Aligarh Muslim University,27.2–31.9,8050,30.2,477,12.6,1139,47.4,802,39.3,842,25.3,1312,India
8060,801–1000,Amedeo Avogadro University of Eastern Piedmont,27.2–31.9,8060,13.5,1650,21.1,650,57.4,629,34.9,1520,40.8,872,Italy
8070,801–1000,American University in Cairo,27.2–31.9,8070,25.0,720,29.5,396,22.5,1262,36.0,1224,63.4,403,Egypt
8080,801–1000,American University of Sharjah,27.2–31.9,8080,21.0,1008,18.8,740,35.9,1008,35.5,1335,93.8,61,United Arab Emirates
8090,801–1000,Amrita Vishwa Vidyapeetham,27.2–31.9,8090,25.2,702,17.3,820,43.5,869,58.8,277,40.5,881,India
8100,801–1000,"University of the Andes, Colombia",27.2–31.9,8100,21.6,955,17.1,829,39.2,958,39.3,843,55.5,530,Colombia
8110,801–1000,Anna University,27.2–31.9,8110,21.9,926,27.2,464,39.5,951,44.6,536,15.4,1650,India
8120,801–1000,Arts et Métiers,27.2–31.9,8120,26.3,633,16.8,838,25.7,1190,65.3,221,66.2,366,France
8130,801–1000,Athens University of Economics and Business,27.2–31.9,8130,19.7,1132,23.8,554,45.2,842,38.5,916,47.9,679,Greece
8140,801–1000,University of Aveiro,27.2–31.9,8140,23.3,829,23.8,555,42.4,883,37.5,1028,50.0,633,Portugal
8150,801–1000,Bahçeşehir University,27.2–31.9,8150,19.3,1162,18.6,747,45.0,848,51.6,366,47.1,699,Turkey
8160,801–1000,University of the Basque Country,27.2–31.9,8160,20.7,1032,20.2,685,50.2,752,37.8,995,44.6,758,Spain
8170,801–1000,Bauman Moscow State Technical University,27.2–31.9,8170,40.7,197,18.0,776,26.6,1174,78.0,135,43.4,799,Russian Federation
8180,801–1000,Baylor University,27.2–31.9,8180,32.4,405,18.1,768,42.4,884,35.3,1380,34.6,1029,United States
8190,801–1000,University of Bedfordshire,27.2–31.9,8190,18.4,1255,14.9,955,39.6,947,35.2,1418,79.2,215,United Kingdom
8200,801–1000,University of Belgrade,27.2–31.9,8200,20.1,1093,27.5,457,40.8,922,40.9,716,41.7,843,Serbia
8210,801–1000,Ben-Gurion University of the Negev,27.2–31.9,8210,28.1,551,32.1,341,31.9,1081,50.0,394,37.3,975,Israel
8220,801–1000,Benha University,27.2–31.9,8220,15.5,1572,7.9,1645,54.6,676,35.4,1356,43.7,790,Egypt
8230,801–1000,Beni-Suef University,27.2–31.9,8230,14.9,1602,8.1,1624,68.9,447,34.8,1571,44.6,759,Egypt
8240,801–1000,Bharathiar University,27.2–31.9,8240,37.1,277,14.3,997,33.7,1047,34.9,1525,22.5,1418,India
8250,801–1000,"Birla Institute of Technology and Science, Pilani",27.2–31.9,8250,20.0,1102,11.1,1285,53.6,691,36.0,1229,18.8,1563,India
8260,801–1000,Boğaziçi University,27.2–31.9,8260,24.3,761,24.2,536,34.7,1025,60.8,258,39.1,921,Turkey
8270,801–1000,Carlos III University of Madrid,27.2–31.9,8270,25.3,693,18.6,748,28.4,1145,40.5,754,62.3,421,Spain
8280,801–1000,University of Central Lancashire,27.2–31.9,8280,18.7,1216,13.6,1046,45.4,839,35.2,1423,68.1,343,United Kingdom
8290,801–1000,Central Queensland University,27.2–31.9,8290,17.1,1416,15.4,927,52.0,719,37.9,983,63.1,408,Australia
8300,801–1000,Chang Gung University,27.2–31.9,8300,23.0,849,28.5,423,30.8,1103,81.4,114,27.8,1232,Taiwan
8310,801–1000,Chapman University,27.2–31.9,8310,38.1,255,12.9,1119,38.7,963,35.1,1457,41.3,855,United States
8320,801–1000,Charles Sturt University,27.2–31.9,8320,16.9,1435,16.9,835,41.7,899,35.5,1337,70.3,313,Australia
8330,801–1000,University of Chile,27.2–31.9,8330,23.8,798,18.1,770,36.7,997,40.3,769,50.4,624,Chile
8340,801–1000,"China University of Geosciences, Beijing",27.2–31.9,8340,27.0,601,17.7,792,37.2,986,46.7,475,25.1,1321,China
8350,801–1000,"China University of Geosciences, Wuhan",27.2–31.9,8350,21.3,987,17.3,822,55.3,665,51.1,374,29.0,1198,China
8360,801–1000,China University of Mining and Technology,27.2–31.9,8360,20.5,1052,16.4,858,48.5,780,60.6,262,19.5,1543,China
8370,801–1000,"China University of Petroleum, Beijing",27.2–31.9,8370,25.1,715,22.9,576,36.3,1002,99.2,25,24.3,1356,China
8380,801–1000,Chulalongkorn University,27.2–31.9,8380,32.8,392,20.6,670,30.9,1100,63.7,235,37.9,959,Thailand
8390,801–1000,Clarkson University,27.2–31.9,8390,27.6,573,17.3,823,43.0,878,39.6,817,50.8,619,United States
8400,801–1000,Clemson University,27.2–31.9,8400,26.5,624,21.5,631,41.2,913,39.9,787,42.2,833,United States
8410,801–1000,University of Clermont Auvergne,27.2–31.9,8410,21.4,975,15.2,933,51.4,730,36.4,1161,59.8,458,France
8420,801–1000,University of Colombo,27.2–31.9,8420,27.6,574,9.3,1490,52.3,714,34.9,1529,37.6,966,Sri Lanka
8430,801–1000,COMSATS University Islamabad,27.2–31.9,8430,16.8,1448,10.3,1375,61.3,572,34.9,1530,46.1,723,Pakistan
8440,801–1000,University of Córdoba,27.2–31.9,8440,20.0,1103,17.5,805,51.4,731,37.4,1038,46.3,719,Spain
8450,801–1000,Creighton University,27.2–31.9,8450,40.5,203,13.6,1049,34.1,1039,36.1,1205,25.5,1307,United States
8460,801–1000,University of Debrecen,27.2–31.9,8460,34.3,351,14.0,1017,32.3,1078,40.6,747,61.1,437,Hungary
8470,801–1000,University of Delhi,27.2–31.9,8470,37.6,265,22.4,599,34.7,1026,34.8,1579,17.8,1595,India
8480,801–1000,University of Dhaka,27.2–31.9,8480,16.3,1503,8.4,1599,61.8,562,35.2,1426,42.6,822,Bangladesh
8490,801–1000,Donghua University,27.2–31.9,8490,20.6,1040,18.7,745,49.6,766,67.2,206,32.5,1090,China
8500,801–1000,East China University of Science and Technology,27.2–31.9,8500,22.7,869,20.7,667,38.1,975,56.9,297,20.0,1522,China
8510,801–1000,University of East London,27.2–31.9,8510,23.5,813,15.1,941,32.3,1079,35.0,1494,80.9,193,United Kingdom
8520,801–1000,École Centrale de Lyon,27.2–31.9,8520,27.8,563,23.4,565,21.2,1288,60.5,264,69.3,332,France
8530,801–1000,Edge Hill University,27.2–31.9,8530,16.6,1476,12.7,1133,60.8,583,34.8,1581,45.6,736,United Kingdom
8540,801–1000,Estonian University of Life Sciences,27.2–31.9,8540,22.0,922,9.8,1437,51.3,734,38.0,972,66.9,356,Estonia
8550,801–1000,European University of Madrid,27.2–31.9,8550,18.7,1218,9.7,1451,56.2,650,35.0,1497,59.8,459,Spain
8560,801–1000,Universidade Federal de Santa Catarina,27.2–31.9,8560,28.1,552,13.8,1031,47.1,805,44.4,541,30.9,1142,Brazil
8570,801–1000,Universidade Federal de São Paulo (UNIFESP),27.2–31.9,8570,27.4,587,17.7,793,46.5,820,35.3,1384,29.2,1190,Brazil
8580,801–1000,Florida Agricultural and Mechanical University,27.2–31.9,8580,34.9,335,12.6,1142,33.2,1055,35.4,1359,31.6,1115,United States
8590,801–1000,Florida Atlantic University,27.2–31.9,8590,20.1,1095,18.5,754,43.7,867,40.4,761,46.5,715,United States
8600,801–1000,Florida Institute of Technology,27.2–31.9,8600,28.1,553,16.6,849,32.9,1067,39.4,837,54.9,544,United States
8610,801–1000,University of Foggia,27.2–31.9,8610,16.9,1437,20.9,659,53.7,690,38.0,973,25.7,1299,Italy
8620,801–1000,University of Fortaleza (UNIFOR),27.2–31.9,8620,16.7,1467,8.4,1602,65.2,497,34.8,1593,35.6,1005,Brazil
8630,801–1000,Fujita Health University,27.2–31.9,8630,24.6,742,10.9,1301,59.2,609,37.1,1067,22.5,1419,Japan
8640,801–1000,Fuzhou University,27.2–31.9,8640,17.6,1348,13.1,1093,55.0,669,58.5,281,28.8,1202,China
8650,801–1000,Hiroshima University,27.2–31.9,8650,31.1,447,21.8,622,30.4,1114,49.5,403,40.0,894,Japan
8660,801–1000,Reichman University,27.2–31.9,8660,15.8,1549,9.4,1484,57.0,633,34.8,1606,65.6,374,Israel
8670,801–1000,Imam Abdulrahman Bin Faisal University,27.2–31.9,8670,21.2,995,8.9,1545,45.0,849,35.1,1465,70.2,315,Saudi Arabia
8680,801–1000,"Indian Institute of Science Education and Research, Pune",27.2–31.9,8680,38.7,241,15.7,906,34.0,1041,36.5,1152,24.3,1359,India
8690,801–1000,Indian Institute of Science Education and Research Kolkata,27.2–31.9,8690,26.2,638,13.2,1089,56.3,646,38.8,886,19.6,1537,India
8700,801–1000,Indian Institute of Technology Patna,27.2–31.9,8700,23.6,805,18.1,772,47.5,800,35.1,1466,16.9,1621,India
8710,801–1000,University of Indonesia,27.2–31.9,8710,38.6,242,20.7,668,14.5,1461,80.7,118,52.9,582,Indonesia
8720,801–1000,Universitat Internacional de Catalunya,27.2–31.9,8720,18.1,1300,13.7,1039,54.6,677,39.7,804,63.6,401,Spain
8730,801–1000,University of Ioannina,27.2–31.9,8730,15.6,1567,15.1,943,60.0,596,37.7,1016,44.2,774,Greece
8740,801–1000,Isfahan University of Medical Sciences,27.2–31.9,8740,39.7,224,12.9,1124,31.0,1098,35.9,1257,20.0,1523,Iran
8750,801–1000,Isfahan University of Technology,27.2–31.9,8750,25.9,660,24.4,529,38.3,970,79.9,124,26.3,1280,Iran
8760,801–1000,Istanbul University-Cerrahpaşa,27.2–31.9,8760,20.9,1016,11.7,1235,51.7,725,51.4,369,22.3,1429,Turkey
8770,801–1000,Istanbul Medeniyet University,27.2–31.9,8770,17.0,1428,9.2,1508,66.0,488,34.8,1610,21.0,1484,Turkey
8780,801–1000,Iuliu Haţieganu University of Medicine and Pharmacy Cluj-Napoca,27.2–31.9,8780,21.2,996,9.1,1516,51.8,724,35.0,1499,52.0,596,Romania
8790,801–1000,Jadavpur University,27.2–31.9,8790,35.6,311,24.3,531,25.0,1209,43.3,594,16.0,1641,India
8800,801–1000,University of Jaén,27.2–31.9,8800,17.6,1350,16.1,879,53.0,700,35.1,1468,44.0,783,Spain
8810,801–1000,Jaume I University,27.2–31.9,8810,21.3,988,19.1,725,49.5,770,38.1,965,45.3,747,Spain
8820,801–1000,Jiangsu University,27.2–31.9,8820,20.8,1026,12.1,1192,56.3,647,57.8,289,42.5,825,China
8830,801–1000,Jiangsu Normal University,27.2–31.9,8830,16.3,1510,13.0,1107,62.7,549,46.9,469,24.6,1342,China
8840,801–1000,The Jikei University School of Medicine,27.2–31.9,8840,28.1,554,9.0,1529,61.4,570,38.5,922,16.5,1629,Japan
8850,801–1000,The University of Jordan,27.2–31.9,8850,27.9,558,13.0,1108,43.8,865,39.5,830,66.9,358,Jordan
8860,801–1000,Juntendo University,27.2–31.9,8860,32.7,398,13.9,1027,38.5,967,50.4,388,22.2,1437,Japan
8870,801–1000,Kalasalingam Academy of Research and Education,27.2–31.9,8870,19.0,1188,8.8,1556,58.3,620,37.2,1060,23.1,1403,India
8880,801–1000,Kansas State University,27.2–31.9,8880,26.6,620,21.1,651,43.4,872,41.4,690,47.3,694,United States
8890,801–1000,Karlstad University,27.2–31.9,8890,17.5,1365,14.3,999,52.5,711,35.9,1258,39.5,910,Sweden
8900,801–1000,Kazan Federal University,27.2–31.9,8900,37.2,272,18.6,751,31.4,1089,50.5,385,60.0,457,Russian Federation
8910,801–1000,Kent State University,27.2–31.9,8910,23.6,806,18.3,762,41.8,896,35.6,1316,40.2,891,United States
8920,801–1000,KIIT University,27.2–31.9,8920,26.4,629,12.3,1172,45.6,836,66.2,213,22.1,1443,India
8930,801–1000,Kindai University,27.2–31.9,8930,19.4,1153,10.8,1322,61.3,574,40.3,771,25.1,1323,Japan
8940,801–1000,King Khalid University,27.2–31.9,8940,24.1,775,8.1,1628,46.5,821,34.8,1615,81.0,191,Saudi Arabia
8950,801–1000,King Mongkut’s University of Technology Thonburi,27.2–31.9,8950,19.7,1134,17.4,814,47.4,803,72.9,174,35.0,1021,Thailand
8960,801–1000,King Saud bin Abdulaziz University for Health Sciences,27.2–31.9,8960,28.3,544,10.9,1304,46.9,810,37.5,1034,67.7,348,Saudi Arabia
8970,801–1000,Kingston University,27.2–31.9,8970,19.6,1141,18.0,779,39.6,949,35.1,1469,85.7,151,United Kingdom
8980,801–1000,Kurume University,27.2–31.9,8980,22.2,908,11.2,1278,56.7,640,38.0,975,23.0,1405,Japan
8990,801–1000,Kuwait University,27.2–31.9,8990,19.9,1119,10.0,1410,45.1,847,36.1,1211,69.1,333,Kuwait
9000,801–1000,Lahore University of Management Sciences,27.2–31.9,9000,21.6,958,16.6,852,50.9,742,35.6,1318,46.7,712,Pakistan
9010,801–1000,Lakehead University,27.2–31.9,9010,18.2,1287,23.2,571,45.2,844,37.0,1088,55.4,532,Canada
9020,801–1000,Lebanese American University,27.2–31.9,9020,30.8,455,10.9,1305,29.2,1132,34.8,1618,86.0,149,Lebanon
9030,801–1000,Leeds Beckett University,27.2–31.9,9030,17.4,1379,15.8,901,54.2,683,35.4,1365,54.0,559,United Kingdom
9040,801–1000,University of Leoben,27.2–31.9,9040,27.9,559,12.6,1145,29.1,1133,54.4,325,69.5,328,Austria
9050,801–1000,University of Ljubljana,27.2–31.9,9050,22.5,887,18.6,753,50.0,758,41.0,714,45.3,748,Slovenia
9060,801–1000,University of Lleida,27.2–31.9,9060,20.2,1085,16.5,856,53.9,687,38.5,923,41.5,849,Spain
9070,801–1000,London South Bank University,27.2–31.9,9070,17.4,1380,12.1,1195,43.3,875,35.4,1366,84.2,163,United Kingdom
9080,801–1000,University of Malta,27.2–31.9,9080,19.4,1156,16.3,864,52.9,703,35.2,1434,59.1,475,Malta
9090,801–1000,University of Maragheh,27.2–31.9,9090,14.3,1636,11.9,1218,58.7,615,34.8,1622,23.2,1399,Iran
9100,801–1000,Marquette University,27.2–31.9,9100,35.3,323,16.3,865,38.3,971,37.1,1072,27.2,1253,United States
9110,801–1000,Masaryk University,27.2–31.9,9110,23.5,816,27.8,444,31.4,1090,36.2,1191,64.9,384,Czech Republic
9120,801–1000,University of Memphis,27.2–31.9,9120,26.2,639,17.4,815,45.7,835,36.3,1175,25.4,1311,United States
9130,801–1000,Menoufia University,27.2–31.9,9130,16.0,1536,8.3,1612,57.2,631,36.1,1214,39.7,905,Egypt
9140,801–1000,Metropolitan Autonomous University,27.2–31.9,9140,17.6,1351,16.0,886,51.4,732,37.0,1090,25.2,1316,Mexico
9150,801–1000,Miguel Hernández University of Elche,27.2–31.9,9150,17.2,1411,16.2,873,49.3,773,38.9,874,38.2,948,Spain
9160,801–1000,University of Minho,27.2–31.9,9160,24.0,789,22.8,580,38.6,965,52.3,354,57.1,507,Portugal
9170,801–1000,University of Namur,27.2–31.9,9170,19.4,1158,19.3,715,40.3,934,40.8,734,67.9,345,Belgium
9180,801–1000,Nanjing University of Information Science and Technology,27.2–31.9,9180,18.7,1225,15.5,923,59.4,602,43.0,610,33.2,1073,China
9190,801–1000,Nanjing Normal University,27.2–31.9,9190,20.0,1109,12.5,1154,55.6,662,52.1,357,26.9,1261,China
9200,801–1000,Nanjing Tech University,27.2–31.9,9200,18.8,1209,13.4,1075,57.0,634,62.7,241,28.5,1214,China
9210,801–1000,National Autonomous University of Mexico,27.2–31.9,9210,30.6,462,28.2,431,20.2,1307,63.1,239,47.3,696,Mexico
9220,801–1000,National Institute of Technology Rourkela,27.2–31.9,9220,24.1,776,15.3,929,44.9,851,36.3,1177,18.4,1582,India
9230,801–1000,National University of Sciences and Technology,27.2–31.9,9230,21.9,934,15.6,917,46.2,829,38.1,967,45.7,734,Pakistan
9240,801–1000,National Sun Yat-Sen University,27.2–31.9,9240,25.9,663,35.4,282,25.4,1201,62.5,245,44.5,764,Taiwan
9250,801–1000,National Technical University of Athens,27.2–31.9,9250,22.6,880,16.8,841,41.1,916,53.5,336,38.3,945,Greece
9260,801–1000,National Institute of Technology Silchar,27.2–31.9,9260,27.4,588,14.4,991,51.7,726,35.3,1400,14.9,1657,India
9270,801–1000,Near East University,27.2–31.9,9270,17.3,1395,11.3,1268,44.3,858,54.2,330,95.5,35,Northern Cyprus
9280,801–1000,"University of Nevada, Las Vegas",27.2–31.9,9280,29.8,496,24.0,544,40.7,926,35.4,1368,31.1,1135,United States
9290,801–1000,The New School,27.2–31.9,9290,25.1,717,15.9,894,40.4,930,39.8,801,50.7,621,United States
9300,801–1000,New Mexico State University (Main campus),27.2–31.9,9300,24.1,777,20.3,683,43.8,866,38.9,876,38.1,951,United States
9310,801–1000,Niigata University,27.2–31.9,9310,24.4,757,13.0,1112,52.3,715,41.2,705,24.5,1347,Japan
9320,801–1000,Normandy University,27.2–31.9,9320,22.5,889,15.1,945,36.7,1000,35.8,1281,55.8,529,France
9330,801–1000,University of North Carolina at Charlotte,27.2–31.9,9330,19.9,1122,10.0,1414,65.2,498,34.8,1630,33.5,1065,United States
9340,801–1000,University of North Carolina at Greensboro,27.2–31.9,9340,24.2,769,19.3,716,50.7,744,35.6,1326,24.1,1368,United States
9350,801–1000,"Northeastern University, China",27.2–31.9,9350,25.3,697,26.2,488,28.7,1143,92.9,65,37.6,968,China
9360,801–1000,Northeast Normal University,27.2–31.9,9360,24.7,734,14.6,981,49.1,776,38.4,933,24.8,1337,China
9370,801–1000,University of Northern British Columbia (UNBC),27.2–31.9,9370,21.0,1010,20.1,689,43.5,871,35.2,1438,40.8,875,Canada
9380,801–1000,NorthWest A&F University,27.2–31.9,9380,21.9,935,17.1,830,51.2,737,58.6,280,25.7,1302,China
9390,801–1000,Novosibirsk State University,27.2–31.9,9390,38.6,244,32.1,343,20.2,1308,38.3,945,43.7,791,Russian Federation
9400,801–1000,Old Dominion University,27.2–31.9,9400,23.4,825,19.2,723,43.7,868,34.8,1633,31.1,1136,United States
9410,801–1000,University of Oviedo,27.2–31.9,9410,20.3,1079,17.1,831,47.0,807,38.8,890,34.6,1030,Spain
9420,801–1000,Palacký University Olomouc,27.2–31.9,9420,20.1,1096,21.4,637,41.6,902,35.9,1262,59.2,473,Czech Republic
9430,801–1000,University of Patras,27.2–31.9,9430,18.1,1302,13.4,1076,47.0,808,40.3,772,38.2,949,Greece
9440,801–1000,University of Pécs,27.2–31.9,9440,32.8,395,11.5,1251,39.1,959,36.8,1112,56.5,516,Hungary
9450,801–1000,Universiti Pendidikan Sultan Idris,27.2–31.9,9450,26.2,641,24.5,527,29.0,1136,99.9,20,51.4,611,Malaysia
9460,801–1000,Polytechnic University of Valencia,27.2–31.9,9460,24.5,751,19.0,732,39.9,943,47.4,455,53.2,575,Spain
9470,801–1000,Pontifical Catholic University of Rio de Janeiro (PUC-Rio),27.2–31.9,9470,29.1,519,29.1,407,28.0,1156,100.0,8,37.8,961,Brazil
9480,801–1000,Pontifical Catholic University of Rio Grande do Sul (PUCRS),27.2–31.9,9480,22.9,858,14.3,1001,46.9,811,61.3,255,31.2,1130,Brazil
9490,801–1000,Portland State University,27.2–31.9,9490,22.9,859,20.1,691,38.5,968,36.1,1217,30.3,1159,United States
9500,801–1000,Pusan National University,27.2–31.9,9500,31.8,427,30.4,378,24.3,1219,45.6,505,26.0,1289,South Korea
9510,801–1000,Qingdao University,27.2–31.9,9510,15.8,1553,14.0,1019,64.0,525,38.6,909,20.1,1519,China
9520,801–1000,University of Rennes 1,27.2–31.9,9520,26.2,642,16.7,847,46.0,833,39.7,811,57.1,509,France
9530,801–1000,Rochester Institute of Technology,27.2–31.9,9530,20.5,1065,19.1,728,42.4,888,36.2,1194,41.1,868,United States
9540,801–1000,University of Roehampton,27.2–31.9,9540,20.6,1047,21.0,656,38.3,972,35.0,1508,80.6,199,United Kingdom
9550,801–1000,Toronto Metropolitan University,27.2–31.9,9550,20.2,1089,28.9,417,36.3,1003,37.7,1021,56.4,519,Canada
9560,801–1000,University of Salamanca,27.2–31.9,9560,23.9,795,19.1,729,34.7,1027,37.5,1035,55.1,541,Spain
9570,801–1000,University of Salento,27.2–31.9,9570,23.2,845,19.3,719,52.1,718,36.9,1102,28.5,1216,Italy
9580,801–1000,University of Salford,27.2–31.9,9580,20.5,1066,16.3,867,42.1,894,36.3,1182,71.6,298,United Kingdom
9590,801–1000,Universidad San Francisco de Quito,27.2–31.9,9590,18.2,1290,9.2,1510,46.6,819,35.2,1441,64.8,386,Ecuador
9600,801–1000,University of Santiago de Compostela,27.2–31.9,9600,23.8,800,12.0,1210,47.6,798,39.0,868,46.0,728,Spain
9610,801–1000,Savitribai Phule Pune University,27.2–31.9,9610,35.0,332,26.2,489,32.8,1072,36.2,1195,16.4,1634,India
9620,801–1000,University of Science and Technology Beijing,27.2–31.9,9620,25.2,706,26.4,483,35.0,1023,63.7,236,21.9,1451,China
9630,801–1000,Shahid Beheshti University,27.2–31.9,9630,25.2,709,26.4,484,40.5,928,50.4,389,21.6,1463,Iran
9640,801–1000,Shanghai University of Finance and Economics (SUFE),27.2–31.9,9640,24.3,766,13.6,1055,38.9,961,39.0,869,42.8,817,China
9650,801–1000,Shantou University,27.2–31.9,9650,20.2,1090,16.4,861,53.9,688,38.9,878,39.0,928,China
9660,801–1000,Sheffield Hallam University,27.2–31.9,9660,17.9,1320,13.5,1066,46.8,814,35.2,1443,54.0,561,United Kingdom
9670,801–1000,Shiraz University,27.2–31.9,9670,24.7,737,23.9,552,37.1,990,44.4,543,22.1,1444,Iran
9680,801–1000,Shiraz University of Medical Sciences,27.2–31.9,9680,37.2,275,10.9,1313,41.0,919,34.8,1647,18.9,1561,Iran
9690,801–1000,Sidi Mohamed Ben Abdellah University,27.2–31.9,9690,24.6,746,9.3,1501,54.9,672,34.8,1648,23.0,1406,Morocco
9700,801–1000,University of South Africa,27.2–31.9,9700,28.6,536,26.1,493,28.4,1146,35.6,1333,37.4,974,South Africa
9710,801–1000,University of South Bohemia in České Budějovice,27.2–31.9,9710,18.8,1213,15.7,910,41.4,909,34.8,1650,49.4,645,Czech Republic
9720,801–1000,South China Normal University,27.2–31.9,9720,20.0,1113,16.6,854,48.3,781,52.2,356,32.3,1099,China
9730,801–1000,University of South Dakota,27.2–31.9,9730,33.7,365,16.2,875,33.9,1046,35.7,1302,25.3,1314,United States
9740,801–1000,South Valley University,27.2–31.9,9740,21.5,972,10.6,1348,50.1,754,35.0,1509,44.6,761,Egypt
9750,801–1000,St Francis Xavier University,27.2–31.9,9750,16.8,1457,8.5,1595,48.7,779,35.7,1303,54.5,551,Canada
9760,801–1000,Sultan Qaboos University,27.2–31.9,9760,23.9,797,15.0,952,43.4,873,39.3,848,74.4,262,Oman
9770,801–1000,Symbiosis International University,27.2–31.9,9770,17.4,1385,9.9,1428,53.0,701,35.1,1483,30.4,1155,India
9780,801–1000,University of Szeged,27.2–31.9,9780,23.8,802,14.4,993,42.3,891,37.9,994,60.1,455,Hungary
9790,801–1000,Technical University of Crete,27.2–31.9,9790,13.7,1649,11.0,1299,55.0,670,39.6,827,43.6,796,Greece
9800,801–1000,Technical University of Madrid,27.2–31.9,9800,22.9,861,15.9,896,40.9,921,44.2,555,52.2,593,Spain
9810,801–1000,"University of Technology, Iraq",27.2–31.9,9810,21.5,973,7.9,1650,53.1,699,35.3,1409,26.3,1281,Iraq
9820,801–1000,University of Tehran,27.2–31.9,9820,32.8,396,12.0,1214,46.5,824,34.8,1654,26.6,1273,Iran
9830,801–1000,Teikyo University,27.2–31.9,9830,16.1,1531,10.8,1327,69.0,445,35.8,1286,21.6,1465,Japan
9840,801–1000,Universiti Tenaga Nasional (UNITEN),27.2–31.9,9840,18.9,1202,14.9,963,46.9,812,91.0,75,48.5,664,Malaysia
9850,801–1000,University of Texas at El Paso,27.2–31.9,9850,20.6,1048,24.4,530,38.5,969,34.8,1656,42.7,821,United States
9860,801–1000,University of Texas Rio Grande Valley,27.2–31.9,9860,17.3,1400,11.4,1261,53.2,698,35.2,1447,34.5,1039,United States
9870,801–1000,University of Thessaly,27.2–31.9,9870,16.3,1515,15.6,919,57.5,628,38.6,911,39.8,900,Greece
9880,801–1000,Tomsk Polytechnic University,27.2–31.9,9880,30.1,486,20.8,664,22.4,1264,65.1,223,59.8,460,Russian Federation
9890,801–1000,University of Trás-os-Montes and Alto Douro,27.2–31.9,9890,20.6,1049,28.1,437,33.6,1051,34.8,1657,43.4,803,Portugal
9900,801–1000,Tribhuvan University,27.2–31.9,9900,12.4,1660,7.9,1651,67.8,463,34.8,1658,45.6,739,Nepal
9910,801–1000,Veltech University,27.2–31.9,9910,16.4,1499,8.6,1587,59.0,613,36.2,1199,25.2,1319,India
9920,801–1000,Vilnius University,27.2–31.9,9920,21.3,994,16.9,837,41.4,910,44.2,556,56.1,526,Lithuania
9930,801–1000,VIT University,27.2–31.9,9930,22.3,907,15.0,954,45.4,841,36.8,1115,27.0,1259,India
9940,801–1000,Waseda University,27.2–31.9,9940,31.6,431,24.3,534,24.4,1218,39.7,813,44.1,780,Japan
9950,801–1000,University of Westminster,27.2–31.9,9950,17.9,1322,17.9,785,38.0,978,35.4,1377,83.1,174,United Kingdom
9960,801–1000,Wuhan University of Technology,27.2–31.9,9960,20.2,1092,15.2,937,46.2,832,54.5,323,24.6,1343,China
9970,801–1000,Xidian University,27.2–31.9,9970,22.6,883,19.4,713,36.9,994,80.1,123,21.4,1473,China
9980,801–1000,Yasouj University,27.2–31.9,9980,15.3,1586,14.4,996,63.8,530,38.0,980,17.3,1611,Iran
9990,801–1000,Yeungnam University,27.2–31.9,9990,20.1,1099,14.1,1016,50.6,746,41.1,709,39.5,914,South Korea
10000,801–1000,Zagazig University,27.2–31.9,10000,14.2,1640,8.2,1622,60.7,586,34.8,1661,42.1,835,Egypt
10010,801–1000,Zewail City of Science and Technology,27.2–31.9,10010,21.1,1007,15.6,920,54.7,675,47.6,449,28.4,1218,Egypt
10020,801–1000,Zhejiang University of Finance and Economics,27.2–31.9,10020,14.6,1619,10.6,1350,61.7,565,35.3,1413,25.9,1293,China
10030,1001–1200,Acharya Nagarjuna University,22.4–27.1,10030,41.1,193,9.8,1430,17.6,1373,41.4,687,23.3,1396,India
10040,1001–1200,University of A Coruña,22.4–27.1,10040,18.7,1215,15.8,899,33.6,1049,37.5,1027,33.4,1068,Spain
10050,1001–1200,"Adam Mickiewicz University, Poznań",22.4–27.1,10050,20.8,1023,18.4,756,31.2,1092,37.1,1064,32.0,1104,Poland
10060,1001–1200,Aichi Medical University,22.4–27.1,10060,25.8,669,12.0,1198,35.8,1009,39.6,814,18.5,1574,Japan
10070,1001–1200,Ain Shams University,22.4–27.1,10070,22.1,913,10.4,1362,43.3,874,35.9,1247,36.9,980,Egypt
10080,1001–1200,Al-Azhar University,22.4–27.1,10080,14.4,1628,9.3,1488,41.5,903,34.8,1560,47.4,689,Egypt
10090,1001–1200,Alexandria University,22.4–27.1,10090,18.5,1243,12.8,1127,43.8,864,38.6,902,45.4,742,Egypt
10100,1001–1200,University of Almería,22.4–27.1,10100,19.0,1182,17.4,810,35.2,1017,37.1,1065,43.1,808,Spain
10110,1001–1200,"University of the Andes, Chile",22.4–27.1,10110,17.8,1324,12.9,1116,32.3,1077,36.2,1183,48.1,672,Chile
10120,1001–1200,University of Antioquia,22.4–27.1,10120,18.4,1254,22.5,592,22.3,1265,76.6,145,37.6,965,Colombia
10130,1001–1200,Assiut University,22.4–27.1,10130,17.0,1422,9.7,1449,40.3,932,34.8,1563,46.8,709,Egypt
10140,1001–1200,Atatürk University,22.4–27.1,10140,18.2,1279,13.5,1057,40.2,936,36.2,1184,19.1,1549,Turkey
10150,1001–1200,Atılım University,22.4–27.1,10150,16.5,1484,9.3,1489,36.8,995,36.1,1203,39.9,896,Turkey
10160,1001–1200,Babeş-Bolyai University,22.4–27.1,10160,19.4,1152,15.6,913,31.2,1093,35.8,1271,44.4,768,Romania
10170,1001–1200,Bandung Institute of Technology (ITB),22.4–27.1,10170,23.1,847,20.7,665,16.3,1406,97.5,37,29.1,1193,Indonesia
10180,1001–1200,Bangladesh Agricultural University (BAU),22.4–27.1,10180,17.1,1414,8.3,1609,34.5,1033,38.5,917,46.2,720,Bangladesh
10190,1001–1200,Beijing Forestry University,22.4–27.1,10190,22.5,886,25.5,508,22.6,1259,71.2,184,20.0,1520,China
10200,1001–1200,Beijing Jiaotong University,22.4–27.1,10200,25.9,657,26.6,478,21.6,1279,63.7,234,37.5,971,China
10210,1001–1200,Beijing University of Technology,22.4–27.1,10210,25.1,714,20.9,657,19.2,1331,54.5,319,21.6,1459,China
10220,1001–1200,Bezmiâlem Vakif University,22.4–27.1,10220,27.2,592,11.1,1284,27.6,1158,38.4,930,21.9,1449,Turkey
10230,1001–1200,Bowling Green State University,22.4–27.1,10230,20.6,1039,13.0,1105,45.5,837,34.8,1574,26.0,1286,United States
10240,1001–1200,University of Brasília,22.4–27.1,10240,26.2,637,13.0,1106,35.0,1022,41.7,668,31.5,1118,Brazil
10250,1001–1200,University of Cadiz,22.4–27.1,10250,18.3,1267,16.6,848,31.7,1085,36.5,1148,39.4,915,Spain
10260,1001–1200,Canterbury Christ Church University,22.4–27.1,10260,19.1,1177,12.9,1118,28.3,1147,35.0,1490,45.3,746,United Kingdom
10270,1001–1200,Cardiff Metropolitan University,22.4–27.1,10270,18.8,1205,12.7,1130,37.0,991,36.0,1231,66.6,363,United Kingdom
10280,1001–1200,Technical University of Cartagena,22.4–27.1,10280,20.3,1075,12.2,1179,31.1,1095,39.0,865,36.7,987,Spain
10290,1001–1200,University of Castilla-La Mancha,22.4–27.1,10290,20.1,1094,14.2,1005,38.0,977,36.8,1108,39.2,918,Spain
10300,1001–1200,The Catholic University of Korea,22.4–27.1,10300,25.9,658,19.6,705,23.8,1229,39.8,793,19.9,1526,South Korea
10310,1001–1200,Universidad Católica San Antonio de Murcia (UCAM),22.4–27.1,10310,16.6,1475,15.1,940,28.8,1139,45.2,519,44.0,782,Spain
10320,1001–1200,Central University of Finance and Economics,22.4–27.1,10320,21.9,928,12.4,1160,32.5,1074,40.2,774,36.9,982,China
10330,1001–1200,Chengdu University,22.4–27.1,10330,15.8,1546,9.8,1436,42.4,885,37.8,998,20.7,1491,China
10340,1001–1200,Chiang Mai University,22.4–27.1,10340,25.2,703,17.6,801,25.9,1184,57.9,287,34.4,1040,Thailand
10350,1001–1200,Chiba University,22.4–27.1,10350,25.5,682,18.6,749,31.4,1088,48.9,416,27.9,1228,Japan
10360,1001–1200,China University of Petroleum (East China),22.4–27.1,10360,20.2,1083,17.8,786,30.8,1104,89.4,82,18.5,1576,China
10370,1001–1200,China Pharmaceutical University,22.4–27.1,10370,18.1,1298,12.7,1131,40.7,925,54.3,326,18.1,1588,China
10380,1001–1200,Chonnam National University,22.4–27.1,10380,23.0,851,21.4,634,28.2,1151,41.2,704,30.7,1145,South Korea
10390,1001–1200,Chungnam National University,22.4–27.1,10390,24.6,740,23.6,561,17.5,1376,45.3,516,23.5,1389,South Korea
10400,1001–1200,Chung Yuan Christian University,22.4–27.1,10400,17.1,1417,22.0,615,26.5,1175,43.7,574,41.7,844,Taiwan
10410,1001–1200,Comenius University in Bratislava,22.4–27.1,10410,23.3,831,13.5,1058,35.5,1012,35.1,1458,53.0,579,Slovakia
10420,1001–1200,University of Concepción,22.4–27.1,10420,16.7,1464,13.3,1082,28.3,1148,56.1,307,50.4,625,Chile
10430,1001–1200,Czech University of Life Sciences Prague (CZU),22.4–27.1,10430,17.5,1360,13.7,1035,31.9,1082,50.4,387,64.5,388,Czech Republic
10440,1001–1200,Czech Technical University in Prague,22.4–27.1,10440,22.4,895,15.9,891,20.1,1309,49.1,409,57.3,501,Czech Republic
10450,1001–1200,Dr B.R. Ambedkar National Institute of Technology Jalandhar,22.4–27.1,10450,16.7,1465,13.2,1088,39.9,941,35.4,1357,13.8,1662,India
10460,1001–1200,Duzce University,22.4–27.1,10460,15.8,1547,14.4,988,34.6,1029,87.6,90,20.7,1492,Turkey
10470,1001–1200,Universidade Estadual Paulista (Unesp),22.4–27.1,10470,33.4,370,24.5,525,18.6,1346,39.6,820,29.2,1189,Brazil
10480,1001–1200,Fayoum University,22.4–27.1,10480,15.0,1595,10.6,1341,49.9,762,38.9,872,41.0,870,Egypt
10490,1001–1200,Universidade Federal do ABC (UFABC),22.4–27.1,10490,17.2,1406,13.7,1037,34.0,1040,35.6,1310,35.5,1007,Brazil
10500,1001–1200,Federal University of Pelotas,22.4–27.1,10500,18.4,1256,12.2,1180,37.2,987,34.8,1586,20.5,1499,Brazil
10510,1001–1200,Federal University of Rio de Janeiro,22.4–27.1,10510,31.9,423,22.0,616,23.1,1249,64.2,232,29.6,1179,Brazil
10520,1001–1200,Federal University of São Carlos,22.4–27.1,10520,28.9,524,17.4,812,20.8,1294,41.6,678,25.7,1298,Brazil
10530,1001–1200,Ferdowsi University of Mashhad,22.4–27.1,10530,26.7,615,22.6,588,23.7,1234,42.4,633,27.7,1238,Iran
10540,1001–1200,University of La Frontera,22.4–27.1,10540,15.3,1581,19.9,698,30.6,1109,34.8,1594,49.6,638,Chile
10550,1001–1200,Fu Jen Catholic University,22.4–27.1,10550,20.9,1015,22.5,594,33.0,1064,73.7,168,30.7,1146,Taiwan
10560,1001–1200,Gdańsk University of Technology,22.4–27.1,10560,18.7,1219,15.5,922,35.3,1016,44.6,538,28.1,1225,Poland
10570,1001–1200,Georgia Southern University,22.4–27.1,10570,22.0,923,13.4,1072,31.6,1086,40.1,779,28.7,1207,United States
10580,1001–1200,University of Ghana,22.4–27.1,10580,18.2,1285,15.6,915,30.6,1110,46.8,473,48.8,654,Ghana
10590,1001–1200,Guangxi University,22.4–27.1,10590,16.3,1506,11.7,1234,40.1,937,43.1,603,22.0,1446,China
10600,1001–1200,University of Guilan,22.4–27.1,10600,25.6,677,18.5,755,33.1,1063,37.4,1039,19.1,1550,Iran
10610,1001–1200,Guru Jambheshwar University of Science and Technology,22.4–27.1,10610,22.6,877,8.5,1593,41.5,904,34.8,1600,15.3,1652,India
10620,1001–1200,Hamamatsu University School of Medicine,22.4–27.1,10620,26.8,609,15.8,900,31.9,1083,38.1,963,20.1,1517,Japan
10630,1001–1200,Université Polytechnique Hauts-de-France,22.4–27.1,10630,15.9,1542,8.3,1610,30.3,1118,36.1,1208,73.9,267,France
10640,1001–1200,Huaqiao University,22.4–27.1,10640,15.4,1580,12.2,1182,39.8,946,37.1,1068,59.1,474,China
10650,1001–1200,Hyogo College of Medicine,22.4–27.1,10650,27.3,590,13.9,1025,40.9,920,39.6,823,16.9,1620,Japan
10660,1001–1200,Ibn Tofaïl University,22.4–27.1,10660,23.9,793,10.0,1409,40.6,927,38.2,954,24.8,1336,Morocco
10670,1001–1200,Ilmenau University of Technology,22.4–27.1,10670,25.5,685,17.4,813,23.7,1236,51.9,363,60.5,450,Germany
10680,1001–1200,Incheon National University,22.4–27.1,10680,17.3,1390,26.4,481,21.6,1280,37.1,1069,29.1,1195,South Korea
10690,1001–1200,Indian Institute of Technology Bhubaneswar,22.4–27.1,10690,24.9,725,13.1,1094,40.0,939,36.1,1209,18.8,1565,India
10700,1001–1200,Indian Institute of Technology (Indian School of Mines) Dhanbad,22.4–27.1,10700,22.1,915,20.8,662,36.7,998,55.9,309,15.0,1656,India
10710,1001–1200,Indian Institute of Science Education and Research Bhopal,22.4–27.1,10710,25.6,678,14.4,990,26.9,1169,35.1,1467,18.8,1566,India
10720,1001–1200,Indian Institute of Technology Mandi,22.4–27.1,10720,23.3,832,10.8,1321,40.3,933,35.2,1430,22.2,1435,India
10730,1001–1200,Inha University,22.4–27.1,10730,26.6,619,21.6,626,27.1,1165,64.7,230,34.7,1026,South Korea
10740,1001–1200,The Islamia University of Bahawalpur,22.4–27.1,10740,22.6,879,10.5,1353,36.7,999,34.8,1609,40.3,886,Pakistan
10750,1001–1200,Istanbul University,22.4–27.1,10750,23.4,824,20.4,679,32.9,1068,46.7,477,30.8,1144,Turkey
10760,1001–1200,Jamia Hamdard University,22.4–27.1,10760,19.1,1179,12.2,1184,44.3,857,38.0,974,29.2,1191,India
10770,1001–1200,University of Jeddah,22.4–27.1,10770,17.1,1420,8.4,1604,38.5,966,34.8,1612,72.2,289,Saudi Arabia
10780,1001–1200,Jeonbuk National University,22.4–27.1,10780,23.2,843,21.4,635,27.1,1166,43.7,576,30.2,1164,South Korea
10790,1001–1200,Jianghan University,22.4–27.1,10790,16.8,1449,9.8,1440,51.1,740,38.7,897,22.4,1425,China
10800,1001–1200,Jilin University,22.4–27.1,10800,27.6,576,17.2,826,30.9,1101,42.3,640,22.2,1436,China
10810,1001–1200,Kanazawa University,22.4–27.1,10810,27.0,602,18.8,742,25.8,1186,37.8,1003,27.5,1242,Japan
10820,1001–1200,Kaohsiung Medical University,22.4–27.1,10820,24.1,773,24.9,520,27.0,1167,52.8,343,27.6,1240,Taiwan
10830,1001–1200,Karabük University,22.4–27.1,10830,13.7,1648,8.4,1605,50.9,741,35.2,1432,37.6,967,Turkey
10840,1001–1200,Kharkiv National University of Radio Electronics,22.4–27.1,10840,18.5,1246,9.1,1517,39.4,955,35.3,1392,30.5,1150,Ukraine
10850,1001–1200,King Faisal University,22.4–27.1,10850,17.7,1339,7.8,1653,41.0,917,39.7,805,73.7,270,Saudi Arabia
10860,1001–1200,King George’s Medical University,22.4–27.1,10860,26.9,606,10.3,1382,44.7,853,37.3,1049,15.4,1651,India
10870,1001–1200,KL University,22.4–27.1,10870,16.2,1518,8.8,1558,47.9,793,35.1,1470,16.5,1630,India
10880,1001–1200,K.N. Toosi University of Technology,22.4–27.1,10880,21.3,989,23.2,570,32.9,1069,42.0,651,25.7,1301,Iran
10890,1001–1200,Kumamoto University,22.4–27.1,10890,25.8,671,15.1,944,27.6,1160,45.2,520,32.2,1101,Japan
10900,1001–1200,Kwame Nkrumah University of Science and Technology,22.4–27.1,10900,14.6,1618,14.1,1012,34.3,1036,34.9,1535,47.3,695,Ghana
10910,1001–1200,Kyoto Prefectural University of Medicine,22.4–27.1,10910,29.5,503,14.9,958,34.6,1031,44.1,558,17.0,1616,Japan
10920,1001–1200,University of Lahore,22.4–27.1,10920,15.8,1550,8.9,1547,48.2,783,35.3,1393,45.1,750,Pakistan
10930,1001–1200,University of Las Palmas de Gran Canaria,22.4–27.1,10930,16.8,1451,13.5,1061,44.0,863,34.8,1617,41.5,848,Spain
10940,1001–1200,Lebanese University,22.4–27.1,10940,25.9,661,12.5,1153,16.0,1416,34.9,1536,78.2,226,Lebanon
10950,1001–1200,University of León,22.4–27.1,10950,18.2,1288,12.4,1161,37.5,983,37.8,1004,45.6,737,Spain
10960,1001–1200,Lorestan University,22.4–27.1,10960,21.9,933,11.3,1265,48.0,788,35.0,1500,19.1,1552,Iran
10970,1001–1200,Lovely Professional University,22.4–27.1,10970,16.3,1511,9.1,1519,45.8,834,36.1,1213,22.0,1447,India
10980,1001–1200,University of Malaga,22.4–27.1,10980,17.9,1315,12.7,1134,34.3,1037,37.4,1041,40.6,879,Spain
10990,1001–1200,Universiti Malaysia Perlis,22.4–27.1,10990,20.0,1108,10.6,1343,46.3,828,35.1,1473,29.3,1186,Malaysia
11000,1001–1200,Manipal Academy of Higher Education,22.4–27.1,11000,29.8,495,13.6,1051,22.5,1263,41.5,685,35.5,1009,India
11010,1001–1200,University of Manouba,22.4–27.1,11010,19.7,1136,8.2,1619,34.5,1034,34.8,1621,43.3,805,Tunisia
11020,1001–1200,University of Maribor,22.4–27.1,11020,18.3,1273,16.8,840,28.3,1149,41.3,701,39.3,917,Slovenia
11030,1001–1200,University of Mazandaran,22.4–27.1,11030,26.7,616,14.1,1013,32.1,1080,37.8,1005,27.2,1254,Iran
11040,1001–1200,Medical University of Bialystok,22.4–27.1,11040,37.2,273,10.0,1412,24.2,1221,37.3,1050,27.5,1243,Poland
11050,1001–1200,Medical University of Warsaw,22.4–27.1,11050,28.3,545,10.7,1332,35.5,1013,40.8,733,28.7,1208,Poland
11060,1001–1200,Minia University,22.4–27.1,11060,14.9,1606,8.0,1641,46.5,822,34.9,1537,45.0,753,Egypt
11070,1001–1200,Mississippi State University,22.4–27.1,11070,20.8,1028,18.1,774,38.8,962,39.8,798,29.6,1180,United States
11080,1001–1200,Morgan State University,22.4–27.1,11080,21.2,999,10.6,1345,39.5,952,35.1,1475,47.1,700,United States
11090,1001–1200,University of Mumbai,22.4–27.1,11090,28.3,546,28.1,434,12.4,1523,36.6,1143,15.6,1647,India
11100,1001–1200,University of Murcia,22.4–27.1,11100,19.5,1147,15.7,908,37.1,989,37.0,1092,40.7,876,Spain
11110,1001–1200,Nagasaki University,22.4–27.1,11110,25.9,662,13.7,1040,23.6,1240,39.8,799,34.4,1041,Japan
11120,1001–1200,Nanjing University of Aeronautics and Astronautics,22.4–27.1,11120,22.4,897,24.3,532,20.6,1296,74.8,160,20.4,1505,China
11130,1001–1200,National Central University,22.4–27.1,11130,26.1,648,23.5,563,18.2,1359,75.8,151,45.4,745,Taiwan
11140,1001–1200,National Chengchi University,22.4–27.1,11140,25.1,716,28.5,426,12.6,1517,42.7,619,50.0,635,Taiwan
11150,1001–1200,National University of Colombia,22.4–27.1,11150,20.3,1077,14.1,1014,41.4,908,35.3,1399,36.9,984,Colombia
11160,1001–1200,National Dong Hwa University,22.4–27.1,11160,18.4,1262,22.0,617,26.1,1181,38.3,944,43.3,806,Taiwan
11170,1001–1200,"National Institute of Technology, Tiruchirappalli",22.4–27.1,11170,26.1,649,13.7,1041,35.4,1015,39.7,808,23.2,1400,India
11180,1001–1200,National University of San Martín,22.4–27.1,11180,17.2,1412,10.5,1356,37.7,982,35.5,1344,40.7,877,Argentina
11190,1001–1200,National Taipei University of Technology,22.4–27.1,11190,22.8,864,22.4,603,24.7,1215,98.0,33,36.5,990,Taiwan
11200,1001–1200,National Yunlin University of Science and Technology,22.4–27.1,11200,20.0,1110,28.2,432,13.7,1485,95.3,53,27.0,1258,Taiwan
11210,1001–1200,Nicolaus Copernicus University in Toruń,22.4–27.1,11210,19.8,1128,18.3,765,28.0,1155,36.3,1178,29.4,1185,Poland
11220,1001–1200,North China Electric Power University,22.4–27.1,11220,18.5,1250,18.9,735,29.1,1134,54.3,327,18.1,1589,China
11230,1001–1200,Northwest University,22.4–27.1,11230,22.1,916,12.0,1207,35.2,1018,39.4,839,27.3,1249,China
11240,1001–1200,Oakland University,22.4–27.1,11240,29.3,508,14.8,970,28.1,1152,35.1,1477,33.3,1071,United States
11250,1001–1200,Óbuda University,22.4–27.1,11250,15.7,1559,14.5,985,41.0,918,37.4,1043,38.6,937,Hungary
11260,1001–1200,Ocean University of China,22.4–27.1,11260,23.5,817,16.1,880,34.0,1043,43.5,585,26.2,1283,China
11270,1001–1200,Okayama University,22.4–27.1,11270,27.9,560,19.3,717,25.2,1205,59.4,270,31.2,1129,Japan
11280,1001–1200,Osmania University,22.4–27.1,11280,35.3,325,14.7,976,30.8,1106,40.0,784,17.0,1617,India
11290,1001–1200,Ozyegin University,22.4–27.1,11290,18.9,1201,13.2,1091,41.3,911,36.0,1241,47.2,698,Turkey
11300,1001–1200,Pavol Jozef Šafárik University in Košice,22.4–27.1,11300,38.8,240,10.0,1416,16.3,1410,34.9,1542,64.4,390,Slovakia
11310,1001–1200,Universitas Pendidikan Indonesia,22.4–27.1,11310,17.2,1413,9.3,1498,44.1,859,35.6,1328,17.5,1606,Indonesia
11320,1001–1200,Polytechnic Institute of Porto,22.4–27.1,11320,14.5,1624,9.8,1442,51.6,728,35.0,1506,36.5,991,Portugal
11330,1001–1200,Pondicherry University,22.4–27.1,11330,35.7,309,19.4,712,18.7,1345,34.8,1638,15.3,1653,India
11340,1001–1200,Pontifical Catholic University of Peru,22.4–27.1,11340,20.9,1020,9.3,1500,32.8,1071,35.8,1282,44.3,771,Peru
11350,1001–1200,Pontifical Catholic University of Valparaíso,22.4–27.1,11350,17.4,1383,25.2,514,20.4,1300,43.9,565,49.3,646,Chile
11360,1001–1200,Pontifícia Universidade Católica do Paraná,22.4–27.1,11360,20.5,1064,12.4,1163,37.4,985,38.0,978,27.2,1256,Brazil
11370,1001–1200,University of Primorska,22.4–27.1,11370,17.4,1384,14.8,972,27.3,1164,36.0,1243,64.1,394,Slovenia
11380,1001–1200,Public University of Navarre,22.4–27.1,11380,19.2,1174,13.4,1077,40.1,938,37.6,1025,46.2,721,Spain
11390,1001–1200,University of Puerto Rico,22.4–27.1,11390,21.5,971,9.5,1479,42.4,887,37.1,1074,43.2,807,Puerto Rico
11400,1001–1200,University of the Punjab,22.4–27.1,11400,22.5,890,13.1,1097,28.8,1140,35.5,1348,35.8,1003,Pakistan
11410,1001–1200,University Rey Juan Carlos,22.4–27.1,11410,14.8,1612,11.3,1271,39.9,944,36.5,1153,41.4,854,Spain
11420,1001–1200,Riga Technical University,22.4–27.1,11420,22.4,898,20.1,692,15.8,1423,62.6,242,57.3,503,Latvia
11430,1001–1200,Rikkyo University,22.4–27.1,11430,16.9,1440,8.6,1585,44.1,860,35.5,1349,48.8,656,Japan
11440,1001–1200,Robert Gordon University,22.4–27.1,11440,16.7,1470,12.5,1155,25.9,1185,36.4,1167,77.5,238,United Kingdom
11450,1001–1200,Rowan University,22.4–27.1,11450,24.8,731,8.1,1632,42.1,893,35.5,1350,30.7,1147,United States
11460,1001–1200,Université Saint-Joseph de Beyrouth,22.4–27.1,11460,24.9,726,9.9,1425,22.9,1254,40.4,765,72.2,290,Lebanon
11470,1001–1200,Saitama Medical University,22.4–27.1,11470,24.2,770,9.1,1522,37.5,984,38.6,910,15.7,1645,Japan
11480,1001–1200,San Jose State University,22.4–27.1,11480,19.1,1181,13.1,1099,33.3,1053,35.3,1405,42.7,820,United States
11490,1001–1200,University of Sargodha,22.4–27.1,11490,28.9,526,10.4,1369,25.5,1197,35.2,1442,41.5,851,Pakistan
11500,1001–1200,SASTRA University,22.4–27.1,11500,18.7,1230,9.9,1426,38.3,973,43.6,580,16.9,1623,India
11510,1001–1200,Sechenov University,22.4–27.1,11510,27.8,569,13.6,1054,28.9,1138,39.1,860,49.6,639,Russian Federation
11520,1001–1200,Semnan University,22.4–27.1,11520,24.6,744,11.5,1252,36.2,1005,34.8,1643,18.0,1593,Iran
11530,1001–1200,University of Seoul,22.4–27.1,11530,25.2,707,18.8,743,26.8,1172,40.4,766,29.3,1187,South Korea
11540,1001–1200,University of Seville,22.4–27.1,11540,19.8,1129,19.3,720,34.2,1038,38.4,934,46.0,729,Spain
11550,1001–1200,​Shahid Chamran University of Ahvaz,22.4–27.1,11550,29.2,513,17.9,784,22.8,1256,92.2,67,18.6,1573,Iran
11560,1001–1200,Shahrekord University,22.4–27.1,11560,16.7,1472,12.3,1175,47.8,794,35.9,1264,17.8,1597,Iran
11570,1001–1200,Shahrood University of Technology,22.4–27.1,11570,23.8,801,16.8,842,40.0,940,35.6,1332,24.4,1353,Iran
11580,1001–1200,Shanghai Maritime University,22.4–27.1,11580,16.0,1539,10.8,1325,48.1,787,49.1,411,39.0,927,China
11590,1001–1200,Shiga University of Medical Science,22.4–27.1,11590,26.5,627,10.8,1326,37.0,992,43.7,578,21.3,1475,Japan
11600,1001–1200,Siberian Federal University,22.4–27.1,11600,23.6,808,17.7,796,21.9,1273,68.8,202,53.8,565,Russian Federation
11610,1001–1200,University of Social Welfare and Rehabilitation Sciences,22.4–27.1,11610,27.3,591,17.6,803,33.6,1050,41.4,696,32.4,1094,Iran
11620,1001–1200,Sogang University,22.4–27.1,11620,25.9,666,25.7,506,23.2,1248,50.8,380,37.6,969,South Korea
11630,1001–1200,University of the South Pacific,22.4–27.1,11630,16.0,1540,12.6,1148,32.7,1073,47.8,446,66.0,370,Fiji
11640,1001–1200,South Ural State University,22.4–27.1,11640,17.3,1399,11.8,1229,46.2,830,40.6,750,32.6,1088,Russian Federation
11650,1001–1200,University of South Wales,22.4–27.1,11650,17.0,1431,11.1,1291,30.9,1102,36.5,1155,65.9,372,United Kingdom
11660,1001–1200,Southwest Jiaotong University,22.4–27.1,11660,19.9,1123,17.5,808,26.3,1178,70.2,195,25.8,1297,China
11670,1001–1200,University of Split,22.4–27.1,11670,16.9,1442,13.1,1101,46.4,827,35.8,1284,38.0,957,Croatia
11680,1001–1200,Sri Venkateswara University,22.4–27.1,11680,36.4,298,9.7,1457,26.9,1170,35.1,1482,23.6,1385,India
11690,1001–1200,Staffordshire University,22.4–27.1,11690,18.3,1275,11.4,1259,42.4,889,34.9,1551,52.1,595,United Kingdom
11700,1001–1200,St Marianna University School of Medicine,22.4–27.1,11700,25.8,672,8.6,1586,35.1,1021,34.9,1552,17.4,1609,Japan
11710,1001–1200,SWPS University of Social Sciences and Humanities,22.4–27.1,11710,16.2,1521,14.9,962,37.8,980,34.8,1652,54.5,552,Poland
11720,1001–1200,Tallinn University,22.4–27.1,11720,19.8,1130,20.7,669,21.4,1284,35.3,1408,69.5,329,Estonia
11730,1001–1200,Tanta University,22.4–27.1,11730,14.8,1613,8.1,1634,51.6,729,34.8,1653,41.1,869,Egypt
11740,1001–1200,Technological University Dublin,22.4–27.1,11740,17.0,1432,12.0,1213,30.8,1107,35.1,1484,71.3,304,Ireland
11750,1001–1200,University of Technology of Compiègne,22.4–27.1,11750,23.4,827,10.9,1314,28.6,1144,42.1,647,83.9,166,France
11760,1001–1200,University of Technology of Troyes,22.4–27.1,11760,24.1,781,10.7,1335,30.6,1111,43.8,571,70.4,312,France
11770,1001–1200,Teesside University,22.4–27.1,11770,16.8,1460,12.7,1135,40.8,923,35.0,1512,61.6,432,United Kingdom
11780,1001–1200,Texas State University,22.4–27.1,11780,21.6,964,16.8,843,29.7,1123,38.0,979,34.4,1043,United States
11790,1001–1200,Tezpur University,22.4–27.1,11790,22.8,865,26.2,490,21.4,1285,35.8,1287,15.7,1646,India
11800,1001–1200,Tokyo University of Agriculture and Technology,22.4–27.1,11800,28.9,527,26.3,487,13.9,1482,52.5,349,28.8,1205,Japan
11810,1001–1200,Tokyo Medical University,22.4–27.1,11810,28.2,549,12.7,1136,41.2,914,36.2,1198,18.1,1591,Japan
11820,1001–1200,Tshwane University of Technology,22.4–27.1,11820,16.2,1522,12.2,1188,38.3,974,40.2,778,44.5,767,South Africa
11830,1001–1200,University of Tunis El Manar,22.4–27.1,11830,26.0,656,11.6,1245,24.1,1224,35.0,1513,41.3,860,Tunisia
11840,1001–1200,Universiti Tunku Abdul Rahman (UTAR),22.4–27.1,11840,16.6,1482,14.2,1009,34.5,1035,38.4,936,34.2,1048,Malaysia
11850,1001–1200,Ural Federal University,22.4–27.1,11850,25.2,711,22.6,591,14.0,1477,64.2,233,55.0,543,Russian Federation
11860,1001–1200,Urmia University,22.4–27.1,11860,23.2,846,16.0,889,30.4,1116,40.0,785,19.3,1547,Iran
11870,1001–1200,"Vietnam National University, Hanoi",22.4–27.1,11870,19.4,1160,10.5,1359,41.5,906,36.6,1146,45.6,740,Vietnam
11880,1001–1200,University of Vigo,22.4–27.1,11880,19.4,1161,15.9,897,40.3,935,39.9,792,43.4,804,Spain
11890,1001–1200,Vilnius Gediminas Technical University (Vilnius Tech),22.4–27.1,11890,17.6,1356,13.7,1042,36.2,1006,41.7,674,49.0,651,Lithuania
11900,1001–1200,"Visvesvaraya National Institute of Technology, Nagpur",22.4–27.1,11900,24.6,748,13.0,1114,29.4,1128,56.1,308,16.7,1627,India
11910,1001–1200,Volgograd State Technical University,22.4–27.1,11910,16.5,1491,9.7,1461,54.9,673,41.4,697,21.3,1477,Russian Federation
11920,1001–1200,University of West Bohemia,22.4–27.1,11920,18.1,1303,16.6,855,29.9,1121,39.1,862,30.4,1156,Czech Republic
11930,1001–1200,University of Wolverhampton,22.4–27.1,11930,17.4,1387,13.5,1068,36.7,1001,35.0,1516,67.9,347,United Kingdom
11940,1001–1200,Xiangtan University,22.4–27.1,11940,15.5,1578,13.5,1069,38.7,964,38.5,928,22.3,1431,China
11950,1001–1200,Yangzhou University,22.4–27.1,11950,17.7,1343,12.6,1149,46.5,825,43.3,598,25.5,1310,China
11960,1001–1200,Yıldız Technical University,22.4–27.1,11960,19.7,1139,20.4,681,23.7,1239,94.0,56,23.1,1404,Turkey
11970,1001–1200,University of Zagreb,22.4–27.1,11970,20.5,1069,14.0,1023,30.3,1120,44.1,560,35.2,1018,Croatia
11980,1001–1200,Zanjan University of Medical Sciences,22.4–27.1,11980,32.2,413,9.2,1513,30.7,1108,34.8,1662,16.5,1632,Iran
11990,1001–1200,University of Zaragoza,22.4–27.1,11990,21.6,966,15.8,904,38.1,976,38.9,880,40.6,880,Spain
12000,1001–1200,Zhejiang University of Technology,22.4–27.1,12000,17.7,1346,17.1,833,41.9,895,60.9,257,25.7,1303,China
12010,1001–1200,University of Žilina,22.4–27.1,12010,20.9,1022,16.8,844,34.9,1024,40.3,773,32.8,1086,Slovakia
12020,1201,University of Abou Bekr Belkaïd Tlemcen,10.6–22.3,12020,25.2,701,8.3,1608,7.7,1605,34.9,1519,34.8,1023,Algeria
12030,1201,Acıbadem University,10.6–22.3,12030,22.4,894,11.3,1262,9.1,1583,38.1,958,23.8,1374,Turkey
12040,1201,Adolfo Ibáñez University,10.6–22.3,12040,15.5,1571,15.1,939,25.1,1206,36.6,1133,59.6,462,Chile
12050,1201,AGH University of Science and Technology,10.6–22.3,12050,21.8,937,17.2,825,20.3,1303,61.4,251,23.8,1375,Poland
12060,1201,Universitas Airlangga,10.6–22.3,12060,21.5,967,10.7,1328,18.3,1355,36.5,1147,34.2,1047,Indonesia
12070,1201,Akdeniz University,10.6–22.3,12070,14.9,1598,9.6,1463,16.3,1404,35.7,1288,19.6,1534,Turkey
12080,1201,Akita University,10.6–22.3,12080,21.1,1002,11.1,1283,10.7,1553,39.0,863,22.7,1415,Japan
12090,1201,Aksaray University,10.6–22.3,12090,12.7,1659,8.5,1589,22.1,1268,35.1,1451,23.6,1381,Turkey
12100,1201,Alexandru Ioan Cuza University,10.6–22.3,12100,17.9,1311,12.2,1176,11.8,1533,34.8,1561,34.5,1035,Romania
12110,1201,Al-Farabi Kazakh National University,10.6–22.3,12110,26.8,607,10.0,1408,15.3,1436,39.6,815,70.1,318,Kazakhstan
12120,1201,University of Alicante,10.6–22.3,12120,20.0,1101,17.1,828,23.5,1243,36.9,1098,39.5,908,Spain
12130,1201,Alzahra University,10.6–22.3,12130,22.9,856,12.0,1199,15.1,1442,36.7,1116,19.5,1541,Iran
12140,1201,Amity University,10.6–22.3,12140,19.4,1150,11.6,1238,33.1,1060,36.0,1225,21.2,1478,India
12150,1201,Anadolu University,10.6–22.3,12150,23.9,791,11.8,1223,23.2,1247,38.8,881,21.3,1474,Turkey
12160,1201,"University of the Andes, Venezuela",10.6–22.3,12160,20.5,1051,7.7,1656,11.4,1542,34.8,1562,47.7,683,Venezuela
12170,1201,Andhra University,10.6–22.3,12170,38.0,259,9.8,1431,10.7,1554,38.4,929,19.6,1535,India
12180,1201,Universidad Andrés Bello (UNAB),10.6–22.3,12180,14.9,1599,8.9,1536,33.1,1061,35.0,1486,48.1,673,Chile
12190,1201,Ankara University,10.6–22.3,12190,18.5,1244,12.2,1177,20.7,1295,36.0,1226,26.4,1275,Turkey
12200,1201,Annamalai University,10.6–22.3,12200,25.1,712,8.9,1537,14.5,1459,35.8,1269,17.6,1602,India
12210,1201,Aoyama Gakuin University,10.6–22.3,12210,17.5,1358,8.7,1561,14.9,1448,35.4,1354,30.4,1152,Japan
12220,1201,"Arab Academy for Science, Technology and Maritime Transport",10.6–22.3,12220,22.8,862,8.1,1623,21.6,1278,34.9,1521,35.9,1000,Egypt
12230,1201,Arak University,10.6–22.3,12230,28.0,556,12.3,1168,19.9,1312,36.0,1228,18.4,1579,Iran
12240,1201,Ariel University,10.6–22.3,12240,14.9,1600,18.3,761,13.1,1501,36.4,1158,30.1,1166,Israel
12250,1201,Austral University of Chile,10.6–22.3,12250,16.3,1500,13.8,1030,24.9,1210,45.8,500,51.7,598,Chile
12260,1201,Universidad Autónoma del Estado de Hidalgo,10.6–22.3,12260,14.9,1601,8.7,1562,10.2,1565,36.7,1118,22.4,1421,Mexico
12270,1201,Universidad Autónoma del Estado de Mexico (UAEMex),10.6–22.3,12270,17.5,1359,8.2,1613,6.7,1626,34.9,1522,24.3,1355,Mexico
12280,1201,Universidad Autónoma del Estado de Morelos,10.6–22.3,12280,15.6,1565,8.0,1635,6.7,1627,35.2,1415,24.8,1335,Mexico
12290,1201,Universidad Autónoma de Nuevo León (UANL),10.6–22.3,12290,14.0,1643,8.6,1577,11.6,1537,35.8,1270,30.4,1153,Mexico
12300,1201,Universidad Autónoma de Querétaro,10.6–22.3,12300,17.9,1312,9.6,1464,16.3,1405,37.0,1084,27.4,1245,Mexico
12310,1201,Universidad Autónoma de Yucatán,10.6–22.3,12310,17.2,1402,10.3,1374,15.1,1443,45.5,507,30.4,1154,Mexico
12320,1201,Autonomous University of Baja California,10.6–22.3,12320,14.3,1633,8.5,1590,10.5,1556,35.3,1379,32.8,1081,Mexico
12330,1201,Autonomous University of Sinaloa,10.6–22.3,12330,18.2,1280,12.2,1178,29.3,1129,52.0,358,23.8,1376,Mexico
12340,1201,Badji Mokhtar University – Annaba,10.6–22.3,12340,17.4,1374,8.0,1636,10.5,1557,35.1,1453,31.9,1105,Algeria
12350,1201,University of Baghdad,10.6–22.3,12350,20.3,1074,8.7,1563,14.3,1465,35.4,1355,19.5,1542,Iraq
12360,1201,Bahauddin Zakariya University,10.6–22.3,12360,14.8,1607,11.2,1273,34.5,1032,35.0,1487,40.2,890,Pakistan
12370,1201,Baku State University,10.6–22.3,12370,16.8,1445,7.6,1659,6.6,1629,34.8,1566,41.1,864,Azerbaijan
12380,1201,Banasthali University,10.6–22.3,12380,33.2,376,10.6,1337,19.5,1326,40.5,753,21.2,1479,India
12390,1201,Bangladesh University of Engineering and Technology,10.6–22.3,12390,18.1,1294,12.9,1117,27.8,1157,35.2,1416,23.8,1377,Bangladesh
12400,1201,Bashkir State University,10.6–22.3,12400,16.8,1447,8.8,1554,4.5,1649,38.7,894,17.5,1605,Russian Federation
12410,1201,Başkent University,10.6–22.3,12410,17.4,1375,12.6,1140,5.0,1646,34.8,1567,20.1,1513,Turkey
12420,1201,University of Basrah,10.6–22.3,12420,16.6,1473,7.7,1657,14.5,1460,34.8,1568,31.2,1127,Iraq
12430,1201,University of Béjaïa,10.6–22.3,12430,15.7,1555,8.8,1555,14.8,1452,34.8,1569,42.8,816,Algeria
12440,1201,Belarusian State University,10.6–22.3,12440,21.3,986,8.4,1596,8.9,1584,38.5,918,61.7,430,Belarus
12450,1201,Belgorod State National Research University,10.6–22.3,12450,21.7,948,11.8,1224,10.0,1568,49.2,406,38.0,954,Russian Federation
12460,1201,Benemérita Universidad Autónoma de Puebla,10.6–22.3,12460,13.9,1645,8.9,1538,12.2,1527,34.8,1570,29.0,1197,Mexico
12470,1201,BINUS University,10.6–22.3,12470,17.7,1332,12.5,1150,13.3,1495,38.6,903,25.3,1313,Indonesia
12480,1201,University of Bío-Bío,10.6–22.3,12480,14.2,1638,9.8,1434,9.3,1578,34.8,1572,47.8,681,Chile
12490,1201,University of Birjand,10.6–22.3,12490,14.9,1603,8.7,1564,14.6,1454,35.2,1419,20.1,1514,Iran
12500,1201,University of Biskra,10.6–22.3,12500,18.3,1265,8.1,1625,12.9,1508,34.8,1573,34.8,1025,Algeria
12510,1201,Blida 1 University,10.6–22.3,12510,16.3,1501,8.4,1597,15.6,1429,35.0,1488,37.7,962,Algeria
12520,1201,Bolu Abant Izzet Baysal University,10.6–22.3,12520,14.9,1604,8.4,1598,17.5,1375,35.0,1489,21.1,1480,Turkey
12530,1201,University of Botswana,10.6–22.3,12530,16.6,1474,12.0,1200,26.0,1183,35.2,1420,66.1,367,Botswana
12540,1201,University of Brawijaya,10.6–22.3,12540,18.9,1197,9.6,1465,7.8,1603,37.8,996,21.9,1450,Indonesia
12550,1201,Brno University of Technology,10.6–22.3,12550,19.2,1171,17.3,821,19.9,1313,43.4,587,56.4,518,Czech Republic
12560,1201,Bu-Ali Sina University,10.6–22.3,12560,17.3,1388,16.0,883,26.2,1179,35.8,1272,19.6,1536,Iran
12570,1201,University of Bucharest,10.6–22.3,12570,29.8,494,17.6,799,16.1,1412,38.1,960,30.0,1171,Romania
12580,1201,Budapest University of Technology and Economics,10.6–22.3,12580,18.0,1304,15.4,926,20.5,1297,44.6,537,39.5,909,Hungary
12590,1201,Burapha University,10.6–22.3,12590,16.3,1502,8.2,1614,9.8,1572,34.9,1527,25.1,1320,Thailand
12600,1201,University of Burgos,10.6–22.3,12600,18.1,1296,13.7,1034,25.7,1191,37.8,997,36.5,989,Spain
12610,1201,Bursa Uludağ University,10.6–22.3,12610,17.7,1333,10.1,1396,12.1,1528,40.9,717,28.2,1222,Turkey
12620,1201,University of Calcutta,10.6–22.3,12620,35.7,308,11.9,1216,14.9,1449,43.5,581,16.4,1633,India
12630,1201,University of Carthage,10.6–22.3,12630,19.8,1125,9.8,1435,19.4,1328,36.4,1160,43.9,787,Tunisia
12640,1201,Catholic University of the North,10.6–22.3,12640,15.1,1588,12.4,1159,25.4,1200,34.9,1528,54.4,553,Chile
12650,1201,University of Caxias do Sul,10.6–22.3,12650,15.4,1579,8.7,1565,11.0,1550,35.3,1381,18.2,1584,Brazil
12660,1201,Ceará State University,10.6–22.3,12660,18.1,1297,9.4,1482,6.8,1622,36.0,1232,18.5,1575,Brazil
12670,1201,Chang Gung University of Science and Technology,10.6–22.3,12670,15.1,1589,15.9,890,26.4,1177,48.1,435,18.9,1556,Taiwan
12680,1201,Chaoyang University of Technology,10.6–22.3,12680,16.0,1533,14.9,956,8.8,1585,43.9,562,30.2,1162,Taiwan
12690,1201,"University of Chemistry and Technology, Prague",10.6–22.3,12690,24.3,762,13.6,1047,16.5,1395,41.6,676,51.4,608,Czech Republic
12700,1201,University of Chester,10.6–22.3,12700,18.2,1281,13.4,1070,20.8,1292,37.2,1058,53.4,571,United Kingdom
12710,1201,Chiba Institute of Technology,10.6–22.3,12710,15.1,1590,9.0,1525,6.6,1630,39.0,866,17.9,1594,Japan
12720,1201,Chubu University,10.6–22.3,12720,15.0,1594,10.6,1338,16.4,1399,37.0,1085,29.8,1176,Japan
12730,1201,Chungbuk National University,10.6–22.3,12730,19.7,1133,17.9,782,19.4,1329,41.0,711,26.6,1269,South Korea
12740,1201,Chuo University,10.6–22.3,12740,23.9,792,10.6,1339,12.9,1509,37.9,984,25.0,1326,Japan
12750,1201,Cochin University of Science and Technology,10.6–22.3,12750,36.7,283,18.1,771,12.4,1520,35.9,1250,15.9,1643,India
12760,1201,University of Colorado Colorado Springs,10.6–22.3,12760,17.0,1424,12.0,1201,23.8,1230,35.9,1251,26.2,1282,United States
12770,1201,Comillas Pontifical University,10.6–22.3,12770,17.8,1325,12.9,1120,19.1,1337,44.1,557,39.1,922,Spain
12780,1201,Corvinus University of Budapest,10.6–22.3,12780,17.1,1418,13.6,1048,22.1,1269,35.0,1491,48.4,665,Hungary
12790,1201,Cracow University of Technology,10.6–22.3,12790,18.3,1270,9.3,1491,26.7,1173,39.4,836,20.1,1515,Poland
12800,1201,Cukurova University,10.6–22.3,12800,17.8,1326,9.7,1450,17.8,1367,38.5,920,21.4,1470,Turkey
12810,1201,Damghan University,10.6–22.3,12810,17.2,1403,13.2,1087,33.1,1062,36.2,1186,19.4,1544,Iran
12820,1201,University of Dar es Salaam,10.6–22.3,12820,14.8,1608,9.2,1504,16.1,1413,35.0,1493,47.4,690,Tanzania
12830,1201,De La Salle University,10.6–22.3,12830,19.0,1185,12.9,1121,21.8,1275,34.8,1578,26.0,1287,Philippines
12840,1201,Del Rosario University,10.6–22.3,12840,18.2,1282,11.0,1293,25.2,1203,38.2,951,47.9,680,Colombia
12850,1201,Democritus University of Thrace,10.6–22.3,12850,16.4,1492,12.7,1132,33.2,1054,36.0,1233,31.8,1107,Greece
12860,1201,Dicle University,10.6–22.3,12860,26.0,651,22.7,583,6.8,1623,99.9,17,16.3,1636,Turkey
12870,1201,Diponegoro University,10.6–22.3,12870,21.6,957,10.5,1351,11.7,1534,43.4,588,26.6,1270,Indonesia
12880,1201,Dokkyo Medical University,10.6–22.3,12880,24.4,755,8.7,1566,13.6,1488,38.0,971,16.8,1625,Japan
12890,1201,Dokuz Eylül University,10.6–22.3,12890,17.8,1327,9.9,1419,24.8,1213,37.6,1023,20.0,1521,Turkey
12900,1201,Doshisha University,10.6–22.3,12900,18.7,1217,10.3,1376,5.7,1642,36.0,1234,28.4,1217,Japan
12910,1201,Dumlupinar University,10.6–22.3,12910,12.2,1661,7.4,1662,23.7,1233,35.8,1274,17.2,1612,Turkey
12920,1201,Dunarea de Jos University of Galati,10.6–22.3,12920,16.3,1504,8.6,1578,7.4,1611,34.9,1532,39.3,916,Romania
12930,1201,EAFIT University,10.6–22.3,12930,14.5,1620,10.3,1377,8.6,1590,36.3,1171,41.3,856,Colombia
12940,1201,Prague University of Economics and Business,10.6–22.3,12940,17.7,1334,13.7,1036,5.2,1645,35.8,1275,43.4,800,Czech Republic
12950,1201,Ege University,10.6–22.3,12950,20.5,1053,13.1,1092,15.7,1425,40.3,770,20.6,1496,Turkey
12960,1201,Ehime University,10.6–22.3,12960,20.9,1013,15.1,942,19.2,1332,44.3,545,26.6,1271,Japan
12970,1201,The University of Electro-Communications,10.6–22.3,12970,20.8,1025,20.8,661,10.5,1558,43.1,602,31.3,1124,Japan
12980,1201,University of Engineering & Technology (UET) Lahore,10.6–22.3,12980,17.2,1405,9.2,1505,31.2,1094,34.8,1582,45.5,741,Pakistan
12990,1201,Erciyes University,10.6–22.3,12990,19.8,1126,14.8,965,20.2,1305,79.3,127,21.7,1454,Turkey
13000,1201,Erzincan Binali Yıldırım University,10.6–22.3,13000,13.4,1653,8.5,1591,30.5,1112,34.8,1583,16.2,1638,Turkey
13010,1201,Escuela Politécnica Nacional,10.6–22.3,13010,16.7,1466,9.0,1526,23.3,1246,35.9,1255,52.6,588,Ecuador
13020,1201,Escuela Superior Politécnica del Litoral,10.6–22.3,13020,16.6,1477,9.3,1492,30.3,1117,35.2,1428,54.7,549,Ecuador
13030,1201,Eskişehir Osmangazi University,10.6–22.3,13030,17.5,1363,14.0,1018,14.8,1453,35.0,1495,18.8,1564,Turkey
13040,1201,Universidade do Estado do Rio de Janeiro (UERJ),10.6–22.3,13040,25.9,659,11.1,1286,16.3,1407,39.6,819,22.9,1409,Brazil
13050,1201,Universidade do Estado de Santa Catarina,10.6–22.3,13050,21.9,931,10.6,1340,25.3,1202,35.0,1496,17.3,1610,Brazil
13060,1201,Universidade Estadual de Maringá,10.6–22.3,13060,22.8,863,12.0,1202,13.1,1502,35.1,1459,18.7,1570,Brazil
13070,1201,Universidade Estadual do Oeste do Paraná (Unioeste),10.6–22.3,13070,22.0,921,14.4,989,5.7,1643,42.8,614,16.5,1628,Brazil
13080,1201,Far Eastern Federal University,10.6–22.3,13080,20.5,1054,11.8,1225,16.8,1388,41.6,677,51.7,602,Russian Federation
13090,1201,Universidade Federal da Bahia,10.6–22.3,13090,23.8,799,14.3,998,22.7,1257,35.1,1460,23.7,1379,Brazil
13100,1201,Universidade Federal do Ceará (UFC),10.6–22.3,13100,22.4,896,12.1,1189,17.8,1368,36.1,1206,26.4,1276,Brazil
13110,1201,Universidade Federal de Ciências da Saúde de Porto Alegre (UFCSPA),10.6–22.3,13110,18.5,1245,12.1,1190,16.3,1408,34.8,1584,20.1,1516,Brazil
13120,1201,Universidade Federal do Triângulo Mineiro,10.6–22.3,13120,20.5,1055,9.2,1506,21.8,1276,36.2,1188,19.7,1529,Brazil
13130,1201,Federal University of Espírito Santo,10.6–22.3,13130,19.6,1140,10.9,1300,19.2,1333,35.7,1289,24.1,1364,Brazil
13140,1201,Federal University of Goiás,10.6–22.3,13140,21.5,970,11.8,1226,15.7,1426,39.2,850,22.4,1422,Brazil
13150,1201,Universidade Federal da Grande Dourados,10.6–22.3,13150,35.4,320,9.2,1507,7.9,1601,34.8,1585,16.9,1619,Brazil
13160,1201,Federal University of Itajubá,10.6–22.3,13160,17.5,1364,9.9,1420,20.8,1293,38.3,940,24.3,1357,Brazil
13170,1201,Universidade Federal de Juiz de Fora,10.6–22.3,13170,20.0,1105,10.6,1342,24.9,1211,35.4,1358,21.8,1452,Brazil
13180,1201,Federal University of Lavras,10.6–22.3,13180,25.5,683,16.9,836,15.8,1421,54.0,332,22.0,1445,Brazil
13190,1201,Universidade Federal do Maranhão (UFMA),10.6–22.3,13190,20.5,1056,8.6,1579,16.0,1415,35.6,1311,19.4,1545,Brazil
13200,1201,Federal University of Mato Grosso do Sul,10.6–22.3,13200,17.0,1426,9.7,1452,13.0,1505,38.1,962,20.4,1503,Brazil
13210,1201,Universidade Federal de Ouro Preto (UFOP),10.6–22.3,13210,18.2,1283,11.2,1274,19.1,1338,39.6,821,21.7,1455,Brazil
13220,1201,Federal University of Pará,10.6–22.3,13220,19.0,1186,10.3,1378,14.9,1450,38.6,904,23.6,1382,Brazil
13230,1201,Universidade Federal do Paraná (UFPR),10.6–22.3,13230,25.6,676,12.3,1169,16.3,1409,35.3,1383,23.5,1390,Brazil
13240,1201,Federal University of Pernambuco,10.6–22.3,13240,26.7,614,10.2,1387,16.4,1400,36.3,1172,22.2,1433,Brazil
13250,1201,Federal University of Piauí,10.6–22.3,13250,14.4,1629,9.9,1421,10.8,1552,35.6,1312,22.1,1442,Brazil
13260,1201,Federal University of Rio Grande do Norte (UFRN),10.6–22.3,13260,22.6,876,9.9,1422,19.7,1321,37.8,1001,27.4,1247,Brazil
13270,1201,Federal Rural University of Pernambuco,10.6–22.3,13270,18.2,1284,9.5,1474,7.2,1616,34.8,1587,18.4,1580,Brazil
13280,1201,Universidade Federal Rural do Semi-Arido,10.6–22.3,13280,24.0,785,8.4,1600,2.4,1658,34.8,1588,15.1,1655,Brazil
13290,1201,Federal University of Santa Maria,10.6–22.3,13290,22.3,901,12.5,1151,18.6,1347,35.7,1290,18.9,1557,Brazil
13300,1201,Federal University of Tocantins,10.6–22.3,13300,17.4,1376,8.4,1601,6.3,1635,34.8,1590,18.9,1558,Brazil
13310,1201,Federal University of Uberlândia,10.6–22.3,13310,21.1,1003,11.1,1287,26.8,1171,41.7,670,21.1,1481,Brazil
13320,1201,Federal University of Vales do Jequitinhonha e Mucuri,10.6–22.3,13320,18.0,1305,7.5,1661,7.0,1620,34.8,1591,17.0,1615,Brazil
13330,1201,Federal University of Viçosa,10.6–22.3,13330,25.7,673,14.7,974,16.8,1389,46.3,490,20.8,1487,Brazil
13340,1201,Federico Santa María Technical University,10.6–22.3,13340,14.3,1634,12.0,1203,28.7,1142,41.3,698,56.1,524,Chile
13350,1201,Feng Chia University,10.6–22.3,13350,18.6,1234,16.7,846,14.4,1462,38.8,885,37.0,978,Taiwan
13360,1201,Fluminense Federal University,10.6–22.3,13360,21.8,939,11.0,1295,14.6,1455,35.4,1360,26.4,1277,Brazil
13370,1201,Université Frères Mentouri Constantine 1,10.6–22.3,13370,20.7,1033,8.5,1592,10.3,1563,35.4,1361,38.0,955,Algeria
13380,1201,Universidad de las Fuerzas Armadas – ESPE,10.6–22.3,13380,14.4,1630,9.4,1483,13.2,1499,35.1,1461,42.3,832,Ecuador
13390,1201,University of Fukui,10.6–22.3,13390,21.7,949,10.9,1302,13.0,1506,39.0,867,24.7,1339,Japan
13400,1201,Fukuoka University,10.6–22.3,13400,18.6,1235,8.9,1540,17.4,1381,37.9,985,21.6,1460,Japan
13410,1201,Universitas Gadjah Mada,10.6–22.3,13410,23.4,821,14.8,967,12.5,1519,67.5,205,39.6,907,Indonesia
13420,1201,Gazi University,10.6–22.3,13420,22.7,870,16.2,871,18.9,1341,92.9,64,17.8,1596,Turkey
13430,1201,Gaziantep University,10.6–22.3,13430,15.3,1582,9.0,1527,18.3,1356,35.4,1362,31.1,1134,Turkey
13440,1201,University of Gdańsk,10.6–22.3,13440,20.0,1106,13.6,1050,21.5,1282,35.3,1385,33.4,1069,Poland
13450,1201,Gebze Technical University,10.6–22.3,13450,18.9,1198,13.4,1071,23.7,1235,38.5,921,26.5,1274,Turkey
13460,1201,"George Emil Palade University of Medicine, Pharmacy, Science, and Technology of Targu Mures",10.6–22.3,13460,18.4,1257,9.3,1493,18.6,1348,35.0,1498,32.5,1091,Romania
13470,1201,German University in Cairo,10.6–22.3,13470,16.0,1534,8.9,1541,31.0,1097,34.8,1595,44.2,773,Egypt
13480,1201,Gheorghe Asachi Technical University of Iaşi,10.6–22.3,13480,16.3,1505,9.5,1476,14.2,1470,35.6,1314,27.2,1252,Romania
13490,1201,Gifu University,10.6–22.3,13490,24.0,786,12.2,1181,17.2,1384,39.6,822,25.2,1315,Japan
13500,1201,GITAM University,10.6–22.3,13500,18.0,1306,8.2,1616,11.7,1535,35.5,1338,19.8,1527,India
13510,1201,Government College University Lahore,10.6–22.3,13510,17.7,1336,10.3,1379,16.9,1387,35.1,1462,41.4,853,Pakistan
13520,1201,Grand Valley State University,10.6–22.3,13520,29.7,498,9.1,1514,19.9,1314,34.8,1598,28.8,1203,United States
13530,1201,Grigore T. Popa University of Medicine and Pharmacy,10.6–22.3,13530,19.5,1146,8.4,1603,16.7,1392,35.1,1464,41.9,837,Romania
13540,1201,University of Guadalajara,10.6–22.3,13540,17.4,1377,8.9,1542,9.9,1570,34.8,1599,28.0,1226,Mexico
13550,1201,University of Guanajuato,10.6–22.3,13550,16.6,1478,8.9,1543,8.6,1591,36.6,1136,33.9,1056,Mexico
13560,1201,Gubkin Russian State University of Oil and Gas,10.6–22.3,13560,17.8,1328,11.1,1288,9.8,1573,57.5,290,24.1,1365,Russian Federation
13570,1201,Gunma University,10.6–22.3,13570,25.3,695,13.7,1038,18.0,1361,39.1,855,21.7,1456,Japan
13580,1201,Gyeongsang National University,10.6–22.3,13580,21.4,976,16.0,884,18.2,1357,39.8,794,27.5,1241,South Korea
13590,1201,Hakim Sabzevari University,10.6–22.3,13590,15.8,1548,9.7,1453,32.4,1076,35.7,1292,30.1,1168,Iran
13600,1201,Hallym University,10.6–22.3,13600,19.9,1116,18.4,757,18.0,1362,44.3,546,22.3,1428,South Korea
13610,1201,Hanoi University of Science and Technology,10.6–22.3,13610,14.5,1621,9.8,1438,20.4,1299,43.3,593,42.4,828,Vietnam
13620,1201,Hasanuddin University,10.6–22.3,13620,18.7,1220,10.1,1399,29.5,1126,44.3,547,26.4,1278,Indonesia
13630,1201,The Hashemite University,10.6–22.3,13630,14.8,1609,12.3,1170,17.4,1382,44.8,530,53.4,572,Jordan
13640,1201,Université Hassan 1er,10.6–22.3,13640,14.2,1639,8.7,1568,11.4,1543,34.8,1601,25.7,1300,Morocco
13650,1201,Université Hassan II de Casablanca,10.6–22.3,13650,19.0,1187,9.3,1494,29.0,1135,36.7,1120,24.9,1333,Morocco
13660,1201,University of Havana,10.6–22.3,13660,20.6,1041,10.2,1388,8.4,1594,40.2,776,51.7,603,Cuba
13670,1201,Hellenic Open University,10.6–22.3,13670,19.9,1117,8.0,1637,35.1,1019,34.8,1603,26.6,1272,Greece
13680,1201,Helwan University,10.6–22.3,13680,15.9,1543,8.3,1611,26.5,1176,35.2,1429,40.5,882,Egypt
13690,1201,Hosei University,10.6–22.3,13690,18.0,1307,10.5,1352,18.6,1349,36.4,1162,29.1,1194,Japan
13700,1201,University of Hradec Králové,10.6–22.3,13700,17.9,1314,12.6,1143,20.2,1306,36.7,1121,45.7,733,Czech Republic
13710,1201,Hungarian University of Agriculture and Life Sciences,10.6–22.3,13710,20.5,1057,11.2,1275,16.6,1394,37.3,1048,51.1,614,Hungary
13720,1201,University of Hyogo,10.6–22.3,13720,17.7,1338,12.2,1183,5.5,1644,42.6,622,20.3,1508,Japan
13730,1201,Ibaraki University,10.6–22.3,13730,17.8,1329,11.8,1227,6.7,1628,40.9,722,24.5,1344,Japan
13740,1201,Ilia State University,10.6–22.3,13740,16.6,1479,8.0,1638,34.6,1030,34.9,1533,48.4,667,Georgia
13750,1201,University of Ilorin,10.6–22.3,13750,17.6,1349,8.9,1544,16.5,1396,34.8,1607,31.3,1125,Nigeria
13760,1201,Immanuel Kant Baltic Federal University,10.6–22.3,13760,22.6,878,10.7,1329,12.8,1511,38.3,941,43.6,792,Russian Federation
13770,1201,Universidad Industrial de Santander (UIS),10.6–22.3,13770,16.3,1508,9.1,1515,23.0,1251,35.6,1315,35.5,1008,Colombia
13780,1201,Instituto Politécnico Nacional (IPN),10.6–22.3,13780,18.7,1221,9.7,1454,13.6,1489,40.7,740,25.0,1328,Mexico
13790,1201,IPB University,10.6–22.3,13790,25.2,705,10.3,1381,14.6,1456,56.9,298,42.6,823,Indonesia
13800,1201,Irkutsk State University,10.6–22.3,13800,17.3,1391,9.0,1528,10.6,1555,35.5,1339,23.5,1391,Russian Federation
13810,1201,I-Shou University,10.6–22.3,13810,16.4,1494,19.4,710,12.4,1521,48.2,432,41.2,861,Taiwan
13820,1201,Istanbul Medipol University,10.6–22.3,13820,14.4,1631,9.6,1466,17.9,1363,36.2,1189,27.6,1239,Turkey
13830,1201,Ivane Javakhishvili Tbilisi State University,10.6–22.3,13830,17.3,1392,9.8,1439,4.8,1648,35.2,1431,44.1,776,Georgia
13840,1201,Ivan Franko National University of Lviv,10.6–22.3,13840,20.6,1042,8.6,1580,7.5,1609,35.3,1389,31.8,1108,Ukraine
13850,1201,Ivanovo State University of Chemistry and Technology,10.6–22.3,13850,15.9,1544,10.4,1363,0.7,1662,34.8,1611,21.1,1482,Russian Federation
13860,1201,Iwate University,10.6–22.3,13860,20.2,1084,11.3,1263,8.3,1597,37.2,1059,24.5,1345,Japan
13870,1201,Izmir Institute of Technology,10.6–22.3,13870,19.1,1178,10.5,1354,19.2,1334,39.8,795,28.9,1200,Turkey
13880,1201,Jan Evangelista Purkyně University,10.6–22.3,13880,15.7,1556,12.2,1185,15.1,1444,37.6,1024,36.2,995,Czech Republic
13890,1201,Jawaharlal Nehru Technological University Anantapur (JNTUA),10.6–22.3,13890,25.7,674,11.1,1289,25.1,1207,35.3,1390,15.5,1649,India
13900,1201,Jean Moulin University – Lyon 3,10.6–22.3,13900,15.6,1568,12.5,1152,7.4,1612,35.4,1363,54.8,548,France
13910,1201,Jeju National University,10.6–22.3,13910,18.6,1236,15.2,934,19.2,1335,37.1,1071,23.4,1395,South Korea
13920,1201,Kagawa University,10.6–22.3,13920,21.9,932,12.3,1171,25.7,1192,40.8,731,29.2,1192,Japan
13930,1201,Kagoshima University,10.6–22.3,13930,21.2,997,11.6,1239,15.9,1417,41.9,657,24.7,1340,Japan
13940,1201,Kanagawa University,10.6–22.3,13940,15.7,1557,8.2,1617,9.7,1575,35.5,1340,29.4,1184,Japan
13950,1201,Kanazawa Medical University,10.6–22.3,13950,24.7,733,8.8,1557,21.5,1283,36.2,1190,20.5,1500,Japan
13960,1201,Kangwon National University,10.6–22.3,13960,19.9,1118,18.0,778,18.5,1352,37.9,987,22.9,1410,South Korea
13970,1201,Kansai University,10.6–22.3,13970,18.3,1271,8.1,1627,6.4,1634,36.0,1238,26.8,1263,Japan
13980,1201,University of Karachi,10.6–22.3,13980,19.0,1189,13.5,1060,6.8,1624,34.9,1534,37.0,979,Pakistan
13990,1201,Karadeniz Technical University,10.6–22.3,13990,15.5,1573,8.7,1569,22.9,1253,34.8,1613,18.5,1577,Turkey
14000,1201,Kasetsart University,10.6–22.3,14000,18.6,1237,12.1,1193,12.4,1522,43.5,584,34.1,1050,Thailand
14010,1201,Kaunas University of Technology,10.6–22.3,14010,17.4,1378,13.2,1090,15.2,1438,41.3,700,41.9,838,Lithuania
14020,1201,Kazan National Research Technical University,10.6–22.3,14020,18.3,1272,10.9,1303,31.9,1084,57.9,288,31.7,1111,Russian Federation
14030,1201,Kazan National Research Technological University,10.6–22.3,14030,18.1,1301,9.7,1455,18.6,1350,58.7,279,30.5,1149,Russian Federation
14040,1201,Kharazmi University,10.6–22.3,14040,29.9,493,12.1,1194,19.9,1315,36.0,1239,20.8,1488,Iran
14050,1201,Khon Kaen University,10.6–22.3,14050,24.1,774,14.2,1006,18.7,1343,54.5,322,31.7,1112,Thailand
14060,1201,King Mongkut’s Institute of Technology Ladkrabang,10.6–22.3,14060,18.4,1259,21.6,628,6.6,1631,87.9,89,23.2,1398,Thailand
14070,1201,King Mongkut's University of Technology North Bangkok,10.6–22.3,14070,16.7,1468,10.7,1330,22.0,1270,39.7,806,21.7,1457,Thailand
14080,1201,Kitasato University,10.6–22.3,14080,24.3,765,10.1,1401,19.5,1327,40.0,783,17.4,1608,Japan
14090,1201,Kocaeli University,10.6–22.3,14090,13.8,1646,7.6,1660,8.8,1586,37.7,1017,20.2,1510,Turkey
14100,1201,Kochi University,10.6–22.3,14100,20.5,1059,11.3,1264,20.0,1310,39.9,788,24.4,1350,Japan
14110,1201,Kochi University of Technology,10.6–22.3,14110,23.9,794,14.9,957,15.9,1418,40.8,732,31.8,1109,Japan
14120,1201,Kogakuin University,10.6–22.3,14120,17.2,1407,11.2,1276,14.4,1463,41.5,684,19.7,1530,Japan
14130,1201,Kookmin University,10.6–22.3,14130,18.7,1222,11.2,1277,15.4,1432,38.3,943,32.3,1096,South Korea
14140,1201,Universiti Kuala Lumpur,10.6–22.3,14140,17.5,1366,8.8,1559,26.1,1180,38.2,955,36.2,996,Malaysia
14150,1201,Kunming University of Science and Technology,10.6–22.3,14150,16.1,1525,12.0,1204,14.4,1464,41.9,658,17.7,1599,China
14160,1201,Kwansei Gakuin University,10.6–22.3,14160,16.8,1450,9.3,1496,21.3,1286,35.5,1341,34.3,1046,Japan
14170,1201,Kyoto Sangyo University,10.6–22.3,14170,15.7,1558,8.7,1570,19.9,1316,34.8,1616,38.5,940,Japan
14180,1201,Kyoto Institute of Technology,10.6–22.3,14180,21.2,998,15.6,916,7.1,1618,43.4,589,26.9,1260,Japan
14190,1201,Kyushu Institute of Technology (Kyutech),10.6–22.3,14190,19.4,1154,13.4,1073,24.1,1223,51.9,364,33.9,1058,Japan
14200,1201,Latvia University of Life Sciences and Technologies,10.6–22.3,14200,18.0,1308,18.9,733,4.9,1647,37.0,1089,22.8,1411,Latvia
14210,1201,University of Lethbridge,10.6–22.3,14210,18.9,1199,13.1,1095,19.8,1318,34.8,1619,55.3,535,Canada
14220,1201,L.N. Gumilyov Eurasian National University,10.6–22.3,14220,16.1,1527,10.0,1411,22.6,1260,34.8,1620,55.2,536,Kazakhstan
14230,1201,Lobachevsky State University of Nizhni Novgorod,10.6–22.3,14230,26.5,626,11.2,1279,9.9,1571,44.3,549,33.5,1064,Russian Federation
14240,1201,University of Łódź,10.6–22.3,14240,19.4,1155,14.2,1007,13.3,1496,35.2,1433,32.3,1097,Poland
14250,1201,Lodz University of Technology,10.6–22.3,14250,18.7,1223,13.9,1028,20.9,1290,42.4,636,25.8,1296,Poland
14260,1201,Londrina State University,10.6–22.3,14260,23.3,833,13.4,1074,15.3,1437,53.1,341,20.1,1518,Brazil
14270,1201,Lucian Blaga University of Sibiu,10.6–22.3,14270,17.3,1393,12.4,1162,12.3,1524,35.3,1395,18.4,1581,Romania
14280,1201,University of Lucknow,10.6–22.3,14280,30.0,491,10.4,1364,14.0,1476,35.5,1343,16.9,1622,India
14290,1201,"Lumière University, Lyon 2",10.6–22.3,14290,25.6,680,18.1,773,10.4,1560,35.1,1472,58.2,487,France
14300,1201,Mackenzie Presbyterian University,10.6–22.3,14300,17.2,1409,10.8,1323,13.9,1479,44.0,561,21.8,1453,Brazil
14310,1201,Maharaja Sayajirao University of Baroda,10.6–22.3,14310,18.5,1247,11.5,1250,13.3,1497,37.4,1040,16.0,1642,India
14320,1201,Mahasarakham University,10.6–22.3,14320,16.6,1480,8.2,1618,7.4,1613,35.3,1396,24.4,1351,Thailand
14330,1201,Universiti Malaysia Sarawak (UNIMAS),10.6–22.3,14330,23.0,852,10.6,1344,13.5,1490,35.8,1280,48.7,659,Malaysia
14340,1201,Maria Curie-Skłodowska University (UMCS),10.6–22.3,14340,19.3,1165,14.7,975,11.7,1536,35.1,1474,28.9,1201,Poland
14350,1201,Marmara University,10.6–22.3,14350,17.2,1410,9.6,1467,22.3,1266,36.6,1139,25.0,1329,Turkey
14360,1201,University of Marrakech Cadi Ayyad,10.6–22.3,14360,18.9,1200,10.4,1365,25.7,1193,35.9,1260,39.7,904,Morocco
14370,1201,Matej Bel University,10.6–22.3,14370,19.8,1127,13.0,1110,13.5,1491,36.8,1111,44.5,763,Slovakia
14380,1201,Meiji University,10.6–22.3,14380,18.8,1208,8.6,1581,7.8,1604,36.6,1140,28.3,1219,Japan
14390,1201,Meijo University,10.6–22.3,14390,16.4,1495,11.3,1267,12.7,1514,37.1,1073,26.0,1288,Japan
14400,1201,Mendel University in Brno,10.6–22.3,14400,18.4,1261,16.5,857,11.9,1532,36.6,1141,49.1,648,Czech Republic
14410,1201,M’Hamed Bougara University of Boumerdès,10.6–22.3,14410,14.3,1637,8.0,1640,16.1,1414,34.8,1624,30.5,1151,Algeria
14420,1201,Universidad Michoacana de San Nicolás de Hidalgo,10.6–22.3,14420,15.8,1551,10.3,1383,7.7,1606,35.6,1320,27.8,1233,Mexico
14430,1201,Mie University,10.6–22.3,14430,22.5,888,12.6,1146,18.2,1358,40.6,748,23.5,1392,Japan
14440,1201,Ming Chi University of Technology,10.6–22.3,14440,17.3,1394,17.8,787,25.8,1187,49.5,404,22.8,1412,Taiwan
14450,1201,Ming Chuan University,10.6–22.3,14450,16.3,1512,12.0,1206,13.4,1493,35.3,1398,32.8,1083,Taiwan
14460,1201,MIREA - Russian Technological University,10.6–22.3,14460,15.8,1552,10.7,1333,3.4,1655,59.8,266,19.7,1532,Russian Federation
14470,1201,University of Miskolc,10.6–22.3,14470,29.7,499,9.6,1468,7.5,1610,37.4,1042,30.1,1169,Hungary
14480,1201,University of Miyazaki,10.6–22.3,14480,21.8,942,10.5,1355,19.7,1322,37.0,1091,24.4,1352,Japan
14490,1201,University Mohamed Boudiaf of M’Sila,10.6–22.3,14490,20.8,1030,8.2,1620,8.1,1599,35.7,1296,30.1,1170,Algeria
14500,1201,Mohammed V University of Rabat,10.6–22.3,14500,28.7,532,11.6,1240,18.8,1342,43.6,579,26.7,1266,Morocco
14510,1201,University of Monastir,10.6–22.3,14510,19.4,1157,10.0,1413,17.5,1377,34.8,1625,44.4,769,Tunisia
14520,1201,University of Montenegro,10.6–22.3,14520,13.2,1656,11.2,1280,14.2,1471,34.9,1538,45.0,754,Montenegro
14530,1201,Moscow Aviation Institute,10.6–22.3,14530,24.0,790,11.6,1241,14.1,1472,74.1,164,25.5,1308,Russian Federation
14540,1201,Moscow Polytechnic University,10.6–22.3,14540,16.9,1438,8.7,1571,7.3,1614,34.8,1626,27.2,1255,Russian Federation
14550,1201,Moscow Power Engineering Institute,10.6–22.3,14550,17.9,1316,26.1,492,11.6,1538,78.9,131,32.4,1093,Russian Federation
14560,1201,Multimedia University,10.6–22.3,14560,18.7,1224,9.4,1486,24.2,1222,38.9,875,37.2,976,Malaysia
14570,1201,Muroran Institute of Technology,10.6–22.3,14570,17.5,1367,11.1,1290,30.5,1113,39.3,846,32.8,1084,Japan
14580,1201,Mustansiriyah University,10.6–22.3,14580,19.6,1142,7.9,1646,18.7,1344,34.9,1539,20.4,1504,Iraq
14590,1201,University of Mysore,10.6–22.3,14590,30.7,459,8.6,1582,12.9,1510,35.2,1436,33.1,1075,India
14600,1201,Universidad Nacional del Litoral,10.6–22.3,14600,13.5,1651,8.9,1548,15.8,1422,36.7,1125,27.8,1234,Argentina
14610,1201,Universidad Nacional Mayor de San Marcos,10.6–22.3,14610,16.4,1496,9.3,1497,4.0,1653,34.8,1627,39.5,911,Peru
14620,1201,Nagaoka University of Technology,10.6–22.3,14620,22.7,871,15.2,935,10.4,1561,45.5,510,35.5,1010,Japan
14630,1201,Nagoya City University,10.6–22.3,14630,24.4,756,15.9,893,21.9,1272,44.6,539,20.2,1511,Japan
14640,1201,Nagoya Institute of Technology,10.6–22.3,14640,17.9,1317,19.8,699,9.2,1582,47.0,465,25.2,1317,Japan
14650,1201,Nara Medical University,10.6–22.3,14650,26.4,630,12.2,1186,22.3,1267,46.4,488,16.3,1637,Japan
14660,1201,Naresuan University,10.6–22.3,14660,21.1,1004,9.5,1477,14.1,1473,35.9,1261,34.0,1053,Thailand
14670,1201,National Changhua University of Education,10.6–22.3,14670,21.6,959,18.3,764,8.7,1589,37.9,988,30.0,1172,Taiwan
14680,1201,National Chiayi University,10.6–22.3,14680,15.5,1574,13.0,1111,12.1,1529,65.0,224,18.8,1567,Taiwan
14690,1201,National Chi Nan University,10.6–22.3,14690,18.0,1309,14.3,1000,5.9,1638,49.0,413,30.3,1157,Taiwan
14700,1201,National Chin-Yi University of Technology,10.6–22.3,14700,16.3,1513,24.8,522,8.6,1592,46.9,470,21.0,1485,Taiwan
14710,1201,National Chung Cheng University,10.6–22.3,14710,20.2,1086,21.0,653,12.8,1513,46.3,491,23.6,1384,Taiwan
14720,1201,National Chung Hsing University,10.6–22.3,14720,22.7,873,21.5,632,17.9,1364,51.2,371,29.1,1196,Taiwan
14730,1201,National University of Córdoba,10.6–22.3,14730,16.8,1452,10.3,1384,22.7,1258,35.6,1323,34.9,1022,Argentina
14740,1201,National University of Cuyo,10.6–22.3,14740,20.6,1044,7.8,1654,25.7,1194,34.9,1540,40.2,892,Argentina
14750,1201,National Ilan University,10.6–22.3,14750,14.5,1622,12.3,1173,15.5,1431,35.6,1324,31.7,1113,Taiwan
14760,1201,National University of Kaohsiung,10.6–22.3,14760,14.7,1614,15.0,951,5.8,1640,38.8,888,27.9,1231,Taiwan
14770,1201,National Research University of Electronic Technology (MIET),10.6–22.3,14770,39.2,231,13.5,1062,5.9,1639,85.3,101,23.9,1373,Russian Federation
14780,1201,National Research Saratov State University,10.6–22.3,14780,21.4,978,12.2,1187,15.2,1439,39.6,824,34.5,1037,Russian Federation
14790,1201,National University of the South,10.6–22.3,14790,18.2,1289,8.1,1629,7.6,1607,34.8,1629,28.6,1211,Argentina
14800,1201,National Taipei University,10.6–22.3,14800,18.8,1210,12.8,1128,24.9,1212,36.1,1215,28.0,1227,Taiwan
14810,1201,National Taiwan Ocean University,10.6–22.3,14810,19.3,1166,22.4,604,16.8,1390,62.2,247,31.4,1121,Taiwan
14820,1201,National Technical University Kharkiv Polytechnic Institute,10.6–22.3,14820,21.4,979,9.0,1531,10.1,1566,36.1,1216,26.7,1267,Ukraine
14830,1201,National Technical University of Ukraine – Igor Sikorsky Kyiv Polytechnic Institute,10.6–22.3,14830,20.9,1019,8.9,1549,12.1,1530,35.7,1297,20.7,1494,Ukraine
14840,1201,National United University,10.6–22.3,14840,14.5,1623,11.6,1242,15.0,1446,39.8,800,18.8,1568,Taiwan
14850,1201,Necmettin Erbakan University,10.6–22.3,14850,25.0,724,15.3,930,17.7,1371,35.0,1501,18.7,1571,Turkey
14860,1201,University of Nigeria Nsukka,10.6–22.3,14860,24.1,778,9.7,1456,28.3,1150,35.6,1325,29.0,1199,Nigeria
14870,1201,Slovak University of Agriculture in Nitra,10.6–22.3,14870,20.5,1061,10.3,1385,15.4,1433,36.3,1179,44.5,765,Slovakia
14880,1201,Nizhny Novgorod State Technical University,10.6–22.3,14880,18.5,1249,8.6,1583,8.6,1593,44.6,540,19.0,1553,Russian Federation
14890,1201,University of North Carolina Wilmington,10.6–22.3,14890,16.8,1453,8.7,1572,33.7,1048,35.2,1437,28.5,1215,United States
14900,1201,"University of the North, Colombia",10.6–22.3,14900,16.1,1529,11.9,1219,19.6,1325,38.4,932,52.2,592,Colombia
14910,1201,North-Eastern Federal University,10.6–22.3,14910,21.0,1009,9.6,1470,9.3,1579,38.6,908,32.2,1102,Russian Federation
14920,1201,Nosov Magnitogorsk State Technical University,10.6–22.3,14920,16.8,1454,10.4,1366,13.4,1494,39.7,809,17.7,1600,Russian Federation
14930,1201,Universidade Nove de Julho (Uninove),10.6–22.3,14930,16.8,1455,7.7,1658,9.8,1574,35.3,1401,20.9,1486,Brazil
14940,1201,University of Novi Sad,10.6–22.3,14940,17.0,1429,11.4,1257,16.5,1397,42.0,653,34.1,1052,Serbia
14950,1201,Novosibirsk State Technical University,10.6–22.3,14950,20.2,1087,12.9,1125,7.0,1621,38.7,900,37.5,972,Russian Federation
14960,1201,Obafemi Awolowo University,10.6–22.3,14960,17.7,1340,10.4,1367,18.4,1354,34.8,1632,33.2,1074,Nigeria
14970,1201,Ochanomizu University,10.6–22.3,14970,26.0,653,13.0,1113,11.1,1548,38.0,977,24.7,1341,Japan
14980,1201,Oita University,10.6–22.3,14980,20.6,1045,10.0,1415,19.8,1319,39.6,825,18.9,1560,Japan
14990,1201,Oles Honchar Dnipro National University,10.6–22.3,14990,17.4,1381,8.4,1606,9.4,1577,35.1,1478,21.5,1466,Ukraine
15000,1201,Omsk State Technical University,10.6–22.3,15000,15.6,1569,8.9,1550,15.1,1445,36.6,1144,27.4,1248,Russian Federation
15010,1201,Ondokuz Mayis University,10.6–22.3,15010,14.8,1610,8.7,1573,11.4,1544,37.0,1093,27.3,1250,Turkey
15020,1201,University of Oradea,10.6–22.3,15020,14.7,1615,8.5,1594,9.3,1580,35.0,1502,30.3,1158,Romania
15030,1201,Osaka City University,10.6–22.3,15030,24.6,743,13.5,1063,25.5,1196,43.9,564,24.0,1370,Japan
15040,1201,Osaka Institute of Technology,10.6–22.3,15040,15.3,1583,11.3,1269,19.1,1339,36.9,1101,21.4,1471,Japan
15050,1201,Osaka Medical College,10.6–22.3,15050,27.6,579,10.9,1309,14.3,1466,37.3,1051,16.2,1639,Japan
15060,1201,Osaka Prefecture University,10.6–22.3,15060,21.3,991,15.5,924,14.3,1467,45.2,521,22.6,1417,Japan
15070,1201,University of Ostrava,10.6–22.3,15070,18.6,1240,14.7,977,18.6,1351,34.9,1541,43.4,801,Czech Republic
15080,1201,Universitas Padjadjaran,10.6–22.3,15080,23.7,804,9.8,1441,15.2,1440,39.5,831,26.7,1268,Indonesia
15090,1201,University of Pannonia,10.6–22.3,15090,17.6,1352,12.0,1208,20.9,1291,36.0,1242,44.0,784,Hungary
15100,1201,University of Pardubice,10.6–22.3,15100,18.8,1211,16.1,881,6.6,1632,35.9,1263,33.7,1061,Czech Republic
15110,1201,Paris Nanterre University,10.6–22.3,15110,22.0,925,19.3,718,13.2,1500,35.0,1504,53.7,567,France
15120,1201,University of Passo Fundo (UPF),10.6–22.3,15120,18.3,1274,9.5,1478,21.0,1289,34.8,1634,22.2,1438,Brazil
15130,1201,University of Pau and Pays de l’Adour,10.6–22.3,15130,17.6,1353,11.9,1220,23.4,1245,41.6,681,70.1,320,France
15140,1201,Pavlov First Saint Petersburg State Medical University,10.6–22.3,15140,21.4,981,8.6,1584,11.1,1549,37.9,989,31.1,1137,Russian Federation
15150,1201,Perm National Research Polytechnic University,10.6–22.3,15150,20.5,1063,10.4,1368,4.2,1651,57.4,291,24.0,1371,Russian Federation
15160,1201,Perm State University,10.6–22.3,15160,20.2,1088,10.7,1334,2.0,1660,40.4,762,18.2,1586,Russian Federation
15170,1201,University of Pernambuco,10.6–22.3,15170,15.6,1570,10.1,1403,22.6,1261,35.0,1505,24.2,1362,Brazil
15180,1201,Persian Gulf University,10.6–22.3,15180,15.1,1592,10.6,1346,29.3,1131,36.3,1181,22.0,1448,Iran
15190,1201,Pirogov Russian National Research Medical University,10.6–22.3,15190,36.7,285,11.3,1270,1.9,1661,39.5,832,21.4,1472,Russian Federation
15200,1201,PMAS Arid Agriculture University Rawalpindi,10.6–22.3,15200,15.7,1560,10.5,1357,27.6,1161,34.8,1636,41.2,862,Pakistan
15210,1201,Universidad Politécnica Salesiana,10.6–22.3,15210,13.0,1658,9.3,1499,16.4,1401,34.8,1637,48.8,655,Ecuador
15220,1201,Polytechnic University of Bucharest,10.6–22.3,15220,16.9,1439,11.4,1258,11.5,1539,35.3,1404,22.2,1439,Romania
15230,1201,Polytechnic University of Timişoara,10.6–22.3,15230,14.8,1611,8.7,1574,17.5,1378,36.2,1193,20.3,1509,Romania
15240,1201,Pontifical Catholic University of Minas Gerais,10.6–22.3,15240,16.5,1486,8.9,1551,6.8,1625,35.2,1440,21.1,1483,Brazil
15250,1201,Universidad Pontificia Bolivariana (UPB),10.6–22.3,15250,18.7,1227,10.1,1404,7.3,1615,38.5,925,36.4,992,Colombia
15260,1201,Port Said University,10.6–22.3,15260,14.4,1632,7.9,1647,32.5,1075,34.8,1639,41.8,840,Egypt
15270,1201,Poznan University of Technology,10.6–22.3,15270,18.7,1228,12.0,1209,29.0,1137,39.9,790,21.5,1467,Poland
15280,1201,Prince of Songkla University,10.6–22.3,15280,17.9,1318,10.9,1312,15.7,1427,39.1,859,31.8,1110,Thailand
15290,1201,Privolzhsky Research Medical University,10.6–22.3,15290,21.1,1005,8.1,1630,2.8,1656,34.8,1640,34.7,1028,Russian Federation
15300,1201,PSG College of Technology,10.6–22.3,15300,17.6,1354,9.2,1509,23.6,1241,35.4,1372,14.6,1661,India
15310,1201,Purdue University Northwest,10.6–22.3,15310,16.1,1530,9.1,1520,23.9,1227,34.8,1641,34.6,1032,United States
15320,1201,Qassim University,10.6–22.3,15320,18.8,1212,8.1,1631,24.8,1214,36.1,1218,75.3,258,Saudi Arabia
15330,1201,Razi University,10.6–22.3,15330,21.3,992,14.0,1020,30.3,1119,35.4,1373,19.3,1546,Iran
15340,1201,Recep Tayyip Erdoğan University,10.6–22.3,15340,15.7,1561,8.9,1552,10.0,1569,34.9,1543,18.4,1583,Turkey
15350,1201,University of Rijeka,10.6–22.3,15350,16.7,1469,13.6,1052,15.8,1424,35.0,1507,29.9,1174,Croatia
15360,1201,Ritsumeikan University,10.6–22.3,15360,19.3,1168,13.1,1098,17.1,1385,37.2,1061,37.7,964,Japan
15370,1201,Russian Presidential Academy of National Economy and Public Administration,10.6–22.3,15370,22.1,917,15.3,931,11.0,1551,37.9,990,21.6,1462,Russian Federation
15380,1201,Ryukoku University,10.6–22.3,15380,16.7,1471,10.2,1392,12.7,1515,35.6,1331,24.0,1372,Japan
15390,1201,University of the Ryukyus,10.6–22.3,15390,20.3,1081,12.9,1126,15.2,1441,43.9,566,31.2,1131,Japan
15400,1201,Rzeszów University of Technology,10.6–22.3,15400,16.2,1519,9.1,1521,23.0,1252,37.1,1076,20.4,1506,Poland
15410,1201,University of La Sabana,10.6–22.3,15410,16.3,1514,10.2,1393,7.6,1608,36.7,1129,42.5,826,Colombia
15420,1201,Saga University,10.6–22.3,15420,21.7,950,13.5,1064,18.2,1360,48.4,429,23.5,1393,Japan
15430,1201,Saitama University,10.6–22.3,15430,20.1,1097,13.6,1053,17.7,1372,37.1,1077,34.6,1033,Japan
15440,1201,Sakarya University,10.6–22.3,15440,16.0,1537,9.8,1444,30.4,1115,40.7,742,22.2,1440,Turkey
15450,1201,Samara National Research University (Samara University),10.6–22.3,15450,21.2,1000,13.8,1033,23.8,1231,43.1,605,38.6,938,Russian Federation
15460,1201,Samara State Technical University,10.6–22.3,15460,15.5,1575,9.5,1480,10.1,1567,45.5,512,18.0,1592,Russian Federation
15470,1201,San Sebastián University,10.6–22.3,15470,17.5,1368,8.0,1643,8.8,1587,34.8,1642,43.6,794,Chile
15480,1201,"University of Santiago, Chile (USACH)",10.6–22.3,15480,16.2,1520,15.7,909,12.7,1516,37.2,1062,47.0,705,Chile
15490,1201,Sapporo Medical University,10.6–22.3,15490,26.4,631,12.0,1211,23.7,1237,41.9,659,15.6,1648,Japan
15500,1201,Satbayev University,10.6–22.3,15500,17.1,1421,9.8,1445,5.8,1641,41.8,665,42.6,824,Kazakhstan
15510,1201,Sathyabama Institute of Science and Technology,10.6–22.3,15510,21.4,983,9.2,1511,19.7,1323,35.3,1406,17.1,1614,India
15520,1201,University of Science and Technology of Oran Mohamed-Boudiaf,10.6–22.3,15520,17.5,1369,7.9,1648,7.2,1617,34.9,1545,35.2,1016,Algeria
15530,1201,Universitas Sebelas Maret,10.6–22.3,15530,18.2,1291,13.5,1065,24.4,1217,38.3,947,25.0,1330,Indonesia
15540,1201,Selçuk University,10.6–22.3,15540,16.0,1538,9.0,1533,28.8,1141,34.9,1546,24.1,1369,Turkey
15550,1201,Semnan University of Medical Sciences and Health Services,10.6–22.3,15550,21.3,993,9.6,1471,17.5,1379,34.8,1644,23.3,1397,Iran
15560,1201,Seoul National University of Science and Technology (SeoulTech),10.6–22.3,15560,21.6,960,17.1,832,17.6,1374,40.2,777,26.1,1285,South Korea
15570,1201,University of Sfax,10.6–22.3,15570,25.2,708,12.5,1156,20.4,1301,34.8,1645,41.9,839,Tunisia
15580,1201,Shahed University,10.6–22.3,15580,25.1,719,14.2,1008,15.7,1428,34.8,1646,15.3,1654,Iran
15590,1201,Shahid Bahonar University of Kerman,10.6–22.3,15590,21.6,961,12.8,1129,24.3,1220,39.5,833,19.6,1538,Iran
15600,1201,Shahid Rajaee Teacher Training University,10.6–22.3,15600,16.5,1488,16.0,888,29.7,1122,51.2,372,22.5,1420,Iran
15610,1201,University of Shanghai for Science and Technology,10.6–22.3,15610,17.5,1370,10.3,1386,23.6,1242,42.6,625,18.8,1569,China
15620,1201,Shibaura Institute of Technology,10.6–22.3,15620,17.9,1321,15.9,895,11.4,1545,41.4,694,36.0,999,Japan
15630,1201,Shimane University,10.6–22.3,15630,22.7,874,13.5,1067,18.5,1353,37.9,992,24.2,1363,Japan
15640,1201,Shinshu University,10.6–22.3,15640,21.9,936,14.1,1015,25.8,1188,41.9,660,26.8,1265,Japan
15650,1201,Shizuoka University,10.6–22.3,15650,18.5,1252,14.9,960,13.3,1498,41.2,706,31.6,1117,Japan
15660,1201,University of Shizuoka,10.6–22.3,15660,22.9,860,12.1,1196,11.5,1540,37.9,993,21.3,1476,Japan
15670,1201,Showa University,10.6–22.3,15670,29.4,506,9.6,1472,28.1,1153,36.1,1220,16.9,1624,Japan
15680,1201,Siksha ‘O’ Anusandhan,10.6–22.3,15680,22.3,904,9.0,1534,26.1,1182,39.4,840,14.8,1659,India
15690,1201,Silesian University of Technology,10.6–22.3,15690,17.6,1355,12.6,1147,21.8,1277,41.4,695,19.7,1533,Poland
15700,1201,Silpakorn University,10.6–22.3,15700,19.5,1148,10.6,1347,15.6,1430,46.6,482,25.2,1318,Thailand
15710,1201,University of Sistan and Baluchestan,10.6–22.3,15710,16.9,1441,11.6,1243,14.3,1468,35.9,1265,17.5,1607,Iran
15720,1201,Sivas Cumhuriyet University,10.6–22.3,15720,15.9,1545,8.7,1575,14.1,1474,34.9,1547,17.8,1598,Turkey
15730,1201,Slovak University of Technology in Bratislava,10.6–22.3,15730,21.7,952,11.2,1282,8.1,1600,38.3,948,30.0,1173,Slovakia
15740,1201,Sofia University,10.6–22.3,15740,24.3,767,9.8,1446,12.1,1531,35.8,1283,40.1,893,Bulgaria
15750,1201,University of Sonora,10.6–22.3,15750,14.5,1625,8.1,1633,9.5,1576,34.9,1549,27.8,1235,Mexico
15760,1201,Soonchunhyang University,10.6–22.3,15760,17.0,1430,17.2,827,23.8,1232,36.1,1221,27.8,1236,South Korea
15770,1201,Soongsil University,10.6–22.3,15770,22.1,918,11.8,1228,12.3,1525,36.5,1154,31.7,1114,South Korea
15780,1201,Sophia University,10.6–22.3,15780,21.8,944,10.4,1370,10.3,1564,35.4,1375,44.1,778,Japan
15790,1201,University of Sousse,10.6–22.3,15790,21.2,1001,9.1,1523,17.3,1383,34.8,1649,38.5,941,Tunisia
15800,1201,University of South China,10.6–22.3,15800,22.4,899,12.0,1212,20.5,1298,44.1,559,18.1,1590,China
15810,1201,Southern Federal University,10.6–22.3,15810,21.4,984,13.1,1100,16.8,1391,47.7,448,34.0,1055,Russian Federation
15820,1201,Southwest Petroleum University,10.6–22.3,15820,17.7,1341,13.3,1085,25.7,1195,69.7,197,17.7,1601,China
15830,1201,Southwest State University,10.6–22.3,15830,18.8,1214,10.1,1405,15.4,1434,39.2,853,25.9,1292,Russian Federation
15840,1201,Srinakharinwirot University,10.6–22.3,15840,19.0,1191,9.1,1524,7.9,1602,35.0,1510,19.6,1539,Thailand
15850,1201,SRM Institute of Science and Technology,10.6–22.3,15850,18.7,1231,9.0,1535,28.1,1154,34.9,1550,20.7,1495,India
15860,1201,State University of Ponta Grossa,10.6–22.3,15860,21.4,985,9.9,1427,24.0,1225,34.8,1651,22.4,1427,Brazil
15870,1201,State University of Santa Cruz,10.6–22.3,15870,26.3,636,9.3,1502,13.9,1480,35.2,1444,27.3,1251,Brazil
15880,1201,St Petersburg Electrotechnical University (LETI),10.6–22.3,15880,20.0,1114,14.4,992,14.9,1451,61.4,253,38.0,958,Russian Federation
15890,1201,Süleyman Demirel University,10.6–22.3,15890,16.8,1458,9.2,1512,17.1,1386,35.3,1407,21.6,1464,Turkey
15900,1201,Suranaree University of Technology,10.6–22.3,15900,20.9,1021,14.9,961,21.3,1287,57.3,293,31.2,1132,Thailand
15910,1201,Taif University,10.6–22.3,15910,15.3,1584,9.7,1458,25.8,1189,36.5,1157,71.8,292,Saudi Arabia
15920,1201,University of Talca,10.6–22.3,15920,16.4,1497,11.8,1230,25.5,1198,36.0,1244,52.9,583,Chile
15930,1201,Tamil Nadu Agricultural University,10.6–22.3,15930,24.5,752,9.8,1447,2.1,1659,40.9,726,14.9,1658,India
15940,1201,Tamkang University,10.6–22.3,15940,16.6,1481,12.4,1165,17.5,1380,35.7,1305,35.6,1006,Taiwan
15950,1201,University of Tarapacá,10.6–22.3,15950,14.5,1626,17.0,834,17.8,1369,34.9,1554,51.4,612,Chile
15960,1201,Taras Shevchenko National University of Kyiv,10.6–22.3,15960,23.4,826,11.4,1260,8.3,1598,35.4,1376,31.3,1126,Ukraine
15970,1201,Technical University of Cluj-Napoca,10.6–22.3,15970,15.8,1554,11.0,1298,21.6,1281,37.3,1053,23.2,1401,Romania
15980,1201,Technical University of Košice,10.6–22.3,15980,19.5,1149,13.9,1029,13.1,1503,46.4,489,41.2,863,Slovakia
15990,1201,Technical University of Liberec,10.6–22.3,15990,20.4,1072,15.0,953,6.1,1636,41.9,661,40.5,883,Czech Republic
16000,1201,Technical University of Loja,10.6–22.3,16000,11.9,1662,7.9,1649,13.1,1504,35.0,1511,47.4,692,Ecuador
16010,1201,Technical University of Sofia,10.6–22.3,16010,18.3,1276,10.0,1417,8.4,1595,37.3,1054,24.9,1334,Bulgaria
16020,1201,Universidade Tecnológica Federal do Paraná (UTFPR),10.6–22.3,16020,16.8,1459,9.8,1448,13.9,1481,36.7,1130,20.4,1507,Brazil
16030,1201,Universiti Teknikal Malaysia Melaka,10.6–22.3,16030,16.5,1489,10.1,1406,16.4,1403,35.2,1445,34.4,1042,Malaysia
16040,1201,Universiti Teknologi MARA,10.6–22.3,16040,20.1,1098,13.4,1078,12.3,1526,35.2,1446,19.6,1540,Malaysia
16050,1201,Institut Teknologi Sepuluh Nopember,10.6–22.3,16050,19.0,1193,13.1,1102,16.5,1398,61.4,254,38.4,943,Indonesia
16060,1201,Telkom University,10.6–22.3,16060,13.8,1647,9.7,1459,31.0,1099,35.3,1410,15.9,1644,Indonesia
16070,1201,Thammasat University,10.6–22.3,16070,22.2,912,15.7,911,11.5,1541,39.2,854,32.4,1095,Thailand
16080,1201,TOBB University of Economics and Technology,10.6–22.3,16080,19.0,1194,11.9,1221,19.2,1336,38.3,949,26.4,1279,Turkey
16090,1201,Toho University,10.6–22.3,16090,20.5,1068,14.7,978,24.5,1216,41.2,708,18.9,1562,Japan
16100,1201,Tokai University,10.6–22.3,16100,18.3,1277,11.7,1237,17.9,1365,37.8,1009,25.5,1309,Japan
16110,1201,Tokat Gaziosmanpaşa University,10.6–22.3,16110,16.5,1490,8.0,1644,23.7,1238,34.9,1555,20.5,1501,Turkey
16120,1201,Tokushima University,10.6–22.3,16120,23.8,803,18.0,780,15.0,1447,62.8,240,24.3,1360,Japan
16130,1201,Tokyo University of Agriculture,10.6–22.3,16130,16.4,1498,10.9,1315,15.4,1435,37.1,1079,19.8,1528,Japan
16140,1201,Tokyo City University,10.6–22.3,16140,16.9,1443,10.2,1394,7.1,1619,45.6,506,21.7,1458,Japan
16150,1201,Tokyo Denki University,10.6–22.3,16150,15.3,1585,9.9,1429,2.5,1657,40.1,781,18.5,1578,Japan
16160,1201,Tokyo University of Marine Science and Technology,10.6–22.3,16160,23.4,828,14.7,979,11.4,1546,50.9,379,35.1,1020,Japan
16170,1201,Tokyo University of Pharmacy and Life Sciences,10.6–22.3,16170,17.5,1371,10.7,1336,13.0,1507,36.7,1131,17.2,1613,Japan
16180,1201,Tokyo University of Science,10.6–22.3,16180,23.6,811,23.1,573,13.8,1484,46.8,474,23.0,1407,Japan
16190,1201,Tomas Bata University in Zlín,10.6–22.3,16190,18.3,1278,18.4,760,13.7,1486,40.1,782,49.1,649,Czech Republic
16200,1201,Tomsk State University of Control Systems and Radioelectronics,10.6–22.3,16200,17.8,1331,11.8,1231,17.8,1370,49.6,402,33.4,1070,Russian Federation
16210,1201,Tottori University,10.6–22.3,16210,22.4,900,11.6,1244,13.5,1492,37.8,1010,22.2,1441,Japan
16220,1201,University of Toyama,10.6–22.3,16220,21.8,945,14.3,1002,25.5,1199,47.9,443,28.8,1206,Japan
16230,1201,Toyo University,10.6–22.3,16230,15.5,1576,9.7,1460,8.8,1588,35.7,1306,28.6,1213,Japan
16240,1201,Toyohashi University of Technology (TUT),10.6–22.3,16240,22.1,919,20.4,680,14.1,1475,55.4,315,32.7,1087,Japan
16250,1201,Transilvania University of Brașov,10.6–22.3,16250,15.1,1593,10.0,1418,33.2,1058,35.2,1448,29.8,1177,Romania
16260,1201,Tunghai University,10.6–22.3,16260,16.2,1523,12.1,1197,15.9,1419,38.8,892,44.0,786,Taiwan
16270,1201,University of Tyumen,10.6–22.3,16270,16.6,1483,12.4,1166,14.3,1469,39.9,791,38.8,935,Russian Federation
16280,1201,Tzu Chi University,10.6–22.3,16280,20.7,1035,16.3,868,9.3,1581,48.1,438,27.5,1244,Taiwan
16290,1201,Ufa State Aviation Technical University,10.6–22.3,16290,17.4,1386,9.4,1487,10.5,1559,39.5,835,18.2,1587,Russian Federation
16300,1201,Unisinos University,10.6–22.3,16300,26.6,623,14.4,994,23.1,1250,51.3,370,22.8,1414,Brazil
16310,1201,Universiti Malaysia Terengganu (UMT),10.6–22.3,16310,18.6,1241,14.3,1003,17.9,1366,35.3,1411,36.3,993,Malaysia
16320,1201,Universiti Tun Hussein Onn Malaysia (UTHM),10.6–22.3,16320,18.6,1242,14.3,1004,20.3,1304,34.9,1556,35.2,1017,Malaysia
16330,1201,Utsunomiya University,10.6–22.3,16330,19.0,1195,11.6,1246,4.1,1652,38.6,912,24.8,1338,Japan
16340,1201,University of Valladolid,10.6–22.3,16340,20.0,1115,12.7,1137,25.1,1208,38.4,937,39.2,920,Spain
16350,1201,University of Valparaíso,10.6–22.3,16350,15.5,1577,10.9,1316,19.3,1330,35.0,1514,49.2,647,Chile
16360,1201,"University of Veterinary and Animal Sciences, Lahore",10.6–22.3,16360,17.0,1433,14.9,964,22.9,1255,35.2,1449,45.1,751,Pakistan
16370,1201,Vietnam National University (Ho Chi Minh City),10.6–22.3,16370,15.7,1564,10.9,1317,23.9,1228,40.8,737,39.5,913,Vietnam
16380,1201,V.N. Karazin Kharkiv National University,10.6–22.3,16380,21.7,954,10.1,1407,6.5,1633,35.0,1515,46.0,730,Ukraine
16390,1201,Voronezh State University,10.6–22.3,16390,19.3,1169,9.7,1462,3.9,1654,35.9,1266,34.2,1049,Russian Federation
16400,1201,VSB - Technical University of Ostrava,10.6–22.3,16400,20.7,1036,17.5,809,8.4,1596,43.3,597,40.5,884,Czech Republic
16410,1201,Vytautas Magnus University,10.6–22.3,16410,18.4,1263,13.0,1115,11.2,1547,34.9,1557,76.2,250,Lithuania
16420,1201,University of Warmia and Mazury in Olsztyn,10.6–22.3,16420,16.8,1461,11.6,1247,14.6,1458,37.1,1081,20.0,1525,Poland
16430,1201,Warsaw University of Life Sciences – SGGW,10.6–22.3,16430,16.1,1532,10.6,1349,24.0,1226,38.6,913,25.0,1331,Poland
16440,1201,Warsaw University of Technology,10.6–22.3,16440,19.7,1138,15.9,898,19.0,1340,39.1,861,28.2,1223,Poland
16450,1201,Western Kentucky University,10.6–22.3,16450,22.8,867,10.4,1372,13.9,1483,34.9,1558,23.6,1386,United States
16460,1201,Western Michigan University,10.6–22.3,16460,20.7,1037,14.8,973,22.0,1271,35.3,1412,36.3,994,United States
16470,1201,West University of Timişoara,10.6–22.3,16470,17.9,1323,12.7,1138,12.6,1518,35.5,1353,30.6,1148,Romania
16480,1201,Wrocław University of Environmental and Life Sciences,10.6–22.3,16480,17.5,1372,11.1,1292,20.0,1311,38.6,914,25.1,1324,Poland
16490,1201,Wrocław University of Science and Technology,10.6–22.3,16490,19.3,1170,14.7,980,16.2,1411,45.4,514,25.0,1332,Poland
16500,1201,University of Wrocław,10.6–22.3,16500,21.8,946,15.4,928,23.5,1244,35.0,1517,40.3,889,Poland
16510,1201,Yamagata University,10.6–22.3,16510,22.6,884,12.5,1157,15.9,1420,52.7,345,25.6,1305,Japan
16520,1201,Yamaguchi University,10.6–22.3,16520,21.6,965,12.4,1167,14.0,1478,42.0,655,29.5,1183,Japan
16530,1201,University of Yamanashi,10.6–22.3,16530,25.3,700,12.5,1158,27.5,1163,37.3,1056,23.6,1387,Japan
16540,1201,Yanshan University,10.6–22.3,16540,17.3,1401,11.9,1222,16.7,1393,49.8,399,17.0,1618,China
16550,1201,Yarmouk University,10.6–22.3,16550,25.4,692,10.4,1373,19.7,1324,36.0,1246,47.6,686,Jordan
16560,1201,Yazd University,10.6–22.3,16560,20.4,1073,15.2,938,19.8,1320,36.2,1201,20.6,1498,Iran
16570,1201,Yeditepe University,10.6–22.3,16570,19.2,1175,13.7,1043,10.4,1562,74.3,162,23.6,1388,Turkey
16580,1201,Yokohama National University,10.6–22.3,16580,22.6,885,17.6,804,13.7,1487,52.9,342,30.3,1161,Japan
16590,1201,Yuan Ze University,10.6–22.3,16590,20.1,1100,13.7,1044,19.9,1317,47.2,459,33.1,1078,Taiwan
16600,1201,Yuri Gagarin State Technical University of Saratov (SSTU),10.6–22.3,16600,15.2,1587,9.5,1481,6.1,1637,35.0,1518,19.0,1554,Russian Federation
16610,1201,Yuriy Fedkovych Chernivtsi National University,10.6–22.3,16610,17.7,1344,8.6,1588,4.4,1650,34.8,1660,23.0,1408,Ukraine
16620,1201,Zonguldak Bülent Ecevit University,10.6–22.3,16620,14.2,1641,7.9,1652,20.4,1302,37.0,1097,20.5,1502,Turkey
1000001,Reporter,Université 8 Mai 1945 Guelma,n/a,1000001,n/a,0,n/a,0,n/a,0,n/a,0,n/a,0,Algeria
1000002,Reporter,University Abdelhamid Ibn Badis Mostaganem,n/a,1000002,n/a,0,n/a,0,n/a,0,n/a,0,n/a,0,Algeria
1000003,Reporter,Abdullah Gül University,n/a,1000003,n/a,0,n/a,0,n/a,0,n/a,0,n/a,0,Turkey
1000004,Reporter,Abertay University,n/a,1000004,n/a,0,n/a,0,n/a,0,n/a,0,n/a,0,United Kingdom
1000005,Reporter,Ada Kent University,n/a,1000005,n/a,0,n/a,0,n/a,0,n/a,0,n/a,0,Northern Cyprus
1000006,Reporter,Adelphi University,n/a,1000006,n/a,0,n/a,0,n/a,0,n/a,0,n/a,0,United States
1000007,Reporter,African School of Economics,n/a,1000007,n/a,0,n/a,0,n/a,0,n/a,0,n/a,0,Benin
1000008,Reporter,Ahl Al Bayt University,n/a,1000008,n/a,0,n/a,0,n/a,0,n/a,0,n/a,0,Iraq
1000009,Reporter,Aichi Prefectural University,n/a,1000009,n/a,0,n/a,0,n/a,0,n/a,0,n/a,0,Japan
1000010,Reporter,Aichi Institute of Technology,n/a,1000010,n/a,0,n/a,0,n/a,0,n/a,0,n/a,0,Japan
1000011,Reporter,Ajman University,n/a,1000011,n/a,0,n/a,0,n/a,0,n/a,0,n/a,0,United Arab Emirates
1000012,Reporter,Akita Prefectural University,n/a,1000012,n/a,0,n/a,0,n/a,0,n/a,0,n/a,0,Japan
1000013,Reporter,Al Ahliyya Amman University,n/a,1000013,n/a,0,n/a,0,n/a,0,n/a,0,n/a,0,Jordan
1000014,Reporter,Al Ain University,n/a,1000014,n/a,0,n/a,0,n/a,0,n/a,0,n/a,0,United Arab Emirates
1000015,Reporter,Al-Furat Al-Awsat Technical University,n/a,1000015,n/a,0,n/a,0,n/a,0,n/a,0,n/a,0,Iraq
1000016,Reporter,University of Alkafeel,n/a,1000016,n/a,0,n/a,0,n/a,0,n/a,0,n/a,0,Iraq
1000017,Reporter,Al-Maarif University College,n/a,1000017,n/a,0,n/a,0,n/a,0,n/a,0,n/a,0,Iraq
1000018,Reporter,Almazov National Medical Research Centre,n/a,1000018,n/a,0,n/a,0,n/a,0,n/a,0,n/a,0,Russian Federation
1000019,Reporter,Al-Muthanna University,n/a,1000019,n/a,0,n/a,0,n/a,0,n/a,0,n/a,0,Iraq
1000020,Reporter,Al-Nahrain University,n/a,1000020,n/a,0,n/a,0,n/a,0,n/a,0,n/a,0,Iraq
1000021,Reporter,Al-Nisour University College,n/a,1000021,n/a,0,n/a,0,n/a,0,n/a,0,n/a,0,Iraq
1000022,Reporter,University of Al-Qadisiyah,n/a,1000022,n/a,0,n/a,0,n/a,0,n/a,0,n/a,0,Iraq
1000023,Reporter,Al-Quds University,n/a,1000023,n/a,0,n/a,0,n/a,0,n/a,0,n/a,0,Palestine
1000024,Reporter,Altai State University,n/a,1000024,n/a,0,n/a,0,n/a,0,n/a,0,n/a,0,Russian Federation
1000025,Reporter,Altınbaş University,n/a,1000025,n/a,0,n/a,0,n/a,0,n/a,0,n/a,0,Turkey
1000026,Reporter,Al-Zaytoonah University of Jordan,n/a,1000026,n/a,0,n/a,0,n/a,0,n/a,0,n/a,0,Jordan
1000027,Reporter,Anáhuac University,n/a,1000027,n/a,0,n/a,0,n/a,0,n/a,0,n/a,0,Mexico
1000028,Reporter,University of Anbar,n/a,1000028,n/a,0,n/a,0,n/a,0,n/a,0,n/a,0,Iraq
1000029,Reporter,Antonio Nariño University,n/a,1000029,n/a,0,n/a,0,n/a,0,n/a,0,n/a,0,Colombia
1000030,Reporter,Applied Science Private University,n/a,1000030,n/a,0,n/a,0,n/a,0,n/a,0,n/a,0,Jordan
1000031,Reporter,Arab American University,n/a,1000031,n/a,0,n/a,0,n/a,0,n/a,0,n/a,0,Palestine
1000032,Reporter,Arabian Gulf University,n/a,1000032,n/a,0,n/a,0,n/a,0,n/a,0,n/a,0,Bahrain
1000033,Reporter,Armenian State University of Economics,n/a,1000033,n/a,0,n/a,0,n/a,0,n/a,0,n/a,0,Armenia
1000034,Reporter,Arts University Bournemouth,n/a,1000034,n/a,0,n/a,0,n/a,0,n/a,0,n/a,0,United Kingdom
1000035,Reporter,University of the Arts London,n/a,1000035,n/a,0,n/a,0,n/a,0,n/a,0,n/a,0,United Kingdom
1000036,Reporter,Arturo Prat University,n/a,1000036,n/a,0,n/a,0,n/a,0,n/a,0,n/a,0,Chile
1000037,Reporter,Asahi University,n/a,1000037,n/a,0,n/a,0,n/a,0,n/a,0,n/a,0,Japan
1000038,Reporter,Ashikaga University,n/a,1000038,n/a,0,n/a,0,n/a,0,n/a,0,n/a,0,Japan
1000039,Reporter,Ateneo de Manila University,n/a,1000039,n/a,0,n/a,0,n/a,0,n/a,0,n/a,0,Philippines
1000040,Reporter,Austral University,n/a,1000040,n/a,0,n/a,0,n/a,0,n/a,0,n/a,0,Argentina
1000041,Reporter,Autonomous University of Chiapas,n/a,1000041,n/a,0,n/a,0,n/a,0,n/a,0,n/a,0,Mexico
1000042,Reporter,Azerbaijan State University of Economics,n/a,1000042,n/a,0,n/a,0,n/a,0,n/a,0,n/a,0,Azerbaijan
1000043,Reporter,University of Babylon,n/a,1000043,n/a,0,n/a,0,n/a,0,n/a,0,n/a,0,Iraq
1000044,Reporter,Badr University in Cairo (BUC),n/a,1000044,n/a,0,n/a,0,n/a,0,n/a,0,n/a,0,Egypt
1000045,Reporter,University of Bahrain,n/a,1000045,n/a,0,n/a,0,n/a,0,n/a,0,n/a,0,Bahrain
1000046,Reporter,Bahria University,n/a,1000046,n/a,0,n/a,0,n/a,0,n/a,0,n/a,0,Pakistan
1000047,Reporter,Bakrie University,n/a,1000047,n/a,0,n/a,0,n/a,0,n/a,0,n/a,0,Indonesia
1000048,Reporter,University of Balamand,n/a,1000048,n/a,0,n/a,0,n/a,0,n/a,0,n/a,0,Lebanon
1000049,Reporter,University of Balochistan,n/a,1000049,n/a,0,n/a,0,n/a,0,n/a,0,n/a,0,Pakistan
1000050,Reporter,Banking University,n/a,1000050,n/a,0,n/a,0,n/a,0,n/a,0,n/a,0,Ukraine
1000051,Reporter,Basrah University College of Science and Technology,n/a,1000051,n/a,0,n/a,0,n/a,0,n/a,0,n/a,0,Iraq
1000052,Reporter,Bath Spa University,n/a,1000052,n/a,0,n/a,0,n/a,0,n/a,0,n/a,0,United Kingdom
1000053,Reporter,Beirut Arab University,n/a,1000053,n/a,0,n/a,0,n/a,0,n/a,0,n/a,0,Lebanon
1000054,Reporter,Belarusian State University of Informatics and Radioelectronics,n/a,1000054,n/a,0,n/a,0,n/a,0,n/a,0,n/a,0,Belarus
1000055,Reporter,Bernardo O’Higgins University,n/a,1000055,n/a,0,n/a,0,n/a,0,n/a,0,n/a,0,Chile
1000056,Reporter,Bharath Institute of Higher Education and Research,n/a,1000056,n/a,0,n/a,0,n/a,0,n/a,0,n/a,0,India
1000057,Reporter,Birzeit University,n/a,1000057,n/a,0,n/a,0,n/a,0,n/a,0,n/a,0,Palestine
1000058,Reporter,Bishop Grosseteste University,n/a,1000058,n/a,0,n/a,0,n/a,0,n/a,0,n/a,0,United Kingdom
1000059,Reporter,University of Bogotá Jorge Tadeo Lozano,n/a,1000059,n/a,0,n/a,0,n/a,0,n/a,0,n/a,0,Colombia
1000060,Reporter,University of Bolton,n/a,1000060,n/a,0,n/a,0,n/a,0,n/a,0,n/a,0,United Kingdom
1000061,Reporter,The British University in Egypt,n/a,1000061,n/a,0,n/a,0,n/a,0,n/a,0,n/a,0,Egypt
1000062,Reporter,B. S. Abdur Rahman Crescent Institute of Science and Technology,n/a,1000062,n/a,0,n/a,0,n/a,0,n/a,0,n/a,0,India
1000063,Reporter,University of Buckingham,n/a,1000063,n/a,0,n/a,0,n/a,0,n/a,0,n/a,0,United Kingdom
1000064,Reporter,Buckinghamshire New University,n/a,1000064,n/a,0,n/a,0,n/a,0,n/a,0,n/a,0,United Kingdom
1000065,Reporter,Bukkyo University,n/a,1000065,n/a,0,n/a,0,n/a,0,n/a,0,n/a,0,Japan
1000066,Reporter,Canadian International College (CIC) – Cairo,n/a,1000066,n/a,0,n/a,0,n/a,0,n/a,0,n/a,0,Egypt
1000067,Reporter,"Capital University of Science and Technology, Islamabad",n/a,1000067,n/a,0,n/a,0,n/a,0,n/a,0,n/a,0,Pakistan
1000068,Reporter,Universidad Católica de la Santísima Concepción,n/a,1000068,n/a,0,n/a,0,n/a,0,n/a,0,n/a,0,Chile
1000069,Reporter,CBS International Business School,n/a,1000069,n/a,0,n/a,0,n/a,0,n/a,0,n/a,0,Germany
1000070,Reporter,University of Celaya,n/a,1000070,n/a,0,n/a,0,n/a,0,n/a,0,n/a,0,Mexico
1000071,Reporter,Central European University,n/a,1000071,n/a,0,n/a,0,n/a,0,n/a,0,n/a,0,Austria
1000072,Reporter,CES University,n/a,1000072,n/a,0,n/a,0,n/a,0,n/a,0,n/a,0,Colombia
1000073,Reporter,CETYS Universidad,n/a,1000073,n/a,0,n/a,0,n/a,0,n/a,0,n/a,0,Mexico
1000074,Reporter,Chernihiv National University of Technology,n/a,1000074,n/a,0,n/a,0,n/a,0,n/a,0,n/a,0,Ukraine
1000075,Reporter,University of Chichester,n/a,1000075,n/a,0,n/a,0,n/a,0,n/a,0,n/a,0,United Kingdom
1000076,Reporter,Chitkara University,n/a,1000076,n/a,0,n/a,0,n/a,0,n/a,0,n/a,0,India
1000077,Reporter,Christ University Bengaluru India,n/a,1000077,n/a,0,n/a,0,n/a,0,n/a,0,n/a,0,India
1000078,Reporter,University of Colima,n/a,1000078,n/a,0,n/a,0,n/a,0,n/a,0,n/a,0,Mexico
1000079,Reporter,Conservatoire for Dance and Drama,n/a,1000079,n/a,0,n/a,0,n/a,0,n/a,0,n/a,0,United Kingdom
1000080,Reporter,University of la Costa,n/a,1000080,n/a,0,n/a,0,n/a,0,n/a,0,n/a,0,Colombia
1000081,Reporter,Courtauld Institute of Art,n/a,1000081,n/a,0,n/a,0,n/a,0,n/a,0,n/a,0,United Kingdom
1000082,Reporter,Cranfield University,n/a,1000082,n/a,0,n/a,0,n/a,0,n/a,0,n/a,0,United Kingdom
1000083,Reporter,University for the Creative Arts,n/a,1000083,n/a,0,n/a,0,n/a,0,n/a,0,n/a,0,United Kingdom
1000084,Reporter,University of Cumbria,n/a,1000084,n/a,0,n/a,0,n/a,0,n/a,0,n/a,0,United Kingdom
1000085,Reporter,University of Cyberjaya,n/a,1000085,n/a,0,n/a,0,n/a,0,n/a,0,n/a,0,Malaysia
1000086,Reporter,Daffodil International University (DIU),n/a,1000086,n/a,0,n/a,0,n/a,0,n/a,0,n/a,0,Bangladesh
1000087,Reporter,Daito Bunka University,n/a,1000087,n/a,0,n/a,0,n/a,0,n/a,0,n/a,0,Japan
1000088,Reporter,Damanhour University,n/a,1000088,n/a,0,n/a,0,n/a,0,n/a,0,n/a,0,Egypt
1000089,Reporter,Damietta University,n/a,1000089,n/a,0,n/a,0,n/a,0,n/a,0,n/a,0,Egypt
1000090,Reporter,Daneshpajoohan Pishro Higher Education Institute,n/a,1000090,n/a,0,n/a,0,n/a,0,n/a,0,n/a,0,Iran
1000091,Reporter,Dawood University of Engineering and Technology,n/a,1000091,n/a,0,n/a,0,n/a,0,n/a,0,n/a,0,Pakistan
1000092,Reporter,Deraya University,n/a,1000092,n/a,0,n/a,0,n/a,0,n/a,0,n/a,0,Egypt
1000093,Reporter,Derzhavin Tambov State University,n/a,1000093,n/a,0,n/a,0,n/a,0,n/a,0,n/a,0,Russian Federation
1000094,Reporter,Dhofar University,n/a,1000094,n/a,0,n/a,0,n/a,0,n/a,0,n/a,0,Oman
1000095,Reporter,University of Diyala,n/a,1000095,n/a,0,n/a,0,n/a,0,n/a,0,n/a,0,Iraq
1000096,Reporter,Don Bosco University,n/a,1000096,n/a,0,n/a,0,n/a,0,n/a,0,n/a,0,India
1000097,Reporter,Donetsk National University of Economics and Trade named after Mykhailo Tuhan-Baranovsky (DonNUET),n/a,1000097,n/a,0,n/a,0,n/a,0,n/a,0,n/a,0,Ukraine
1000098,Reporter,Dostoevsky Omsk State University,n/a,1000098,n/a,0,n/a,0,n/a,0,n/a,0,n/a,0,Russian Federation
1000099,Reporter,Dow University of Health Sciences,n/a,1000099,n/a,0,n/a,0,n/a,0,n/a,0,n/a,0,Pakistan
1000100,Reporter,University of Duhok,n/a,1000100,n/a,0,n/a,0,n/a,0,n/a,0,n/a,0,Iraq
1000101,Reporter,École de Psychologues Praticiens,n/a,1000101,n/a,0,n/a,0,n/a,0,n/a,0,n/a,0,France
1000102,Reporter,University of Economics in Bratislava,n/a,1000102,n/a,0,n/a,0,n/a,0,n/a,0,n/a,0,Slovakia
1000103,Reporter,Academy of Economic Studies of Moldova,n/a,1000103,n/a,0,n/a,0,n/a,0,n/a,0,n/a,0,Moldova
1000104,Reporter,"University of Education, Lahore",n/a,1000104,n/a,0,n/a,0,n/a,0,n/a,0,n/a,0,Pakistan
1000105,Reporter,Effat University,n/a,1000105,n/a,0,n/a,0,n/a,0,n/a,0,n/a,0,Saudi Arabia
1000106,Reporter,Egypt-Japan University of Science and Technology (E-JUST),n/a,1000106,n/a,0,n/a,0,n/a,0,n/a,0,n/a,0,Egypt
1000107,Reporter,ESIC,n/a,1000107,n/a,0,n/a,0,n/a,0,n/a,0,n/a,0,Spain
1000108,Reporter,Universidade do Estado do Amazonas,n/a,1000108,n/a,0,n/a,0,n/a,0,n/a,0,n/a,0,Brazil
1000109,Reporter,Universidade Estadual do Maranhão,n/a,1000109,n/a,0,n/a,0,n/a,0,n/a,0,n/a,0,Brazil
1000110,Reporter,Estonian Academy of Arts,n/a,1000110,n/a,0,n/a,0,n/a,0,n/a,0,n/a,0,Estonia
1000111,Reporter,Externado University of Colombia,n/a,1000111,n/a,0,n/a,0,n/a,0,n/a,0,n/a,0,Colombia
1000112,Reporter,University of Faisalabad,n/a,1000112,n/a,0,n/a,0,n/a,0,n/a,0,n/a,0,Pakistan
1000113,Reporter,University of Fallujah,n/a,1000113,n/a,0,n/a,0,n/a,0,n/a,0,n/a,0,Iraq
1000114,Reporter,Falmouth University,n/a,1000114,n/a,0,n/a,0,n/a,0,n/a,0,n/a,0,United Kingdom
1000115,Reporter,Federal University of Alagoas,n/a,1000115,n/a,0,n/a,0,n/a,0,n/a,0,n/a,0,Brazil
1000116,Reporter,Federal University of Paraí­ba (UFPB),n/a,1000116,n/a,0,n/a,0,n/a,0,n/a,0,n/a,0,Brazil
1000117,Reporter,Financial University under the Government of the Russian Federation,n/a,1000117,n/a,0,n/a,0,n/a,0,n/a,0,n/a,0,Russian Federation
1000118,Reporter,Finis Terrae University,n/a,1000118,n/a,0,n/a,0,n/a,0,n/a,0,n/a,0,Chile
1000119,Reporter,University of Franca,n/a,1000119,n/a,0,n/a,0,n/a,0,n/a,0,n/a,0,Brazil
1000120,Reporter,Fukushima University,n/a,1000120,n/a,0,n/a,0,n/a,0,n/a,0,n/a,0,Japan
1000121,Reporter,Full Sail University,n/a,1000121,n/a,0,n/a,0,n/a,0,n/a,0,n/a,0,United States
1000122,Reporter,Future University in Egypt,n/a,1000122,n/a,0,n/a,0,n/a,0,n/a,0,n/a,0,Egypt
1000123,Reporter,Ghulam Ishaq Khan Institute of Engineering Sciences and Technology,n/a,1000123,n/a,0,n/a,0,n/a,0,n/a,0,n/a,0,Pakistan
1000124,Reporter,Glasgow School of Art,n/a,1000124,n/a,0,n/a,0,n/a,0,n/a,0,n/a,0,United Kingdom
1000125,Reporter,University of Gloucestershire,n/a,1000125,n/a,0,n/a,0,n/a,0,n/a,0,n/a,0,United Kingdom
1000126,Reporter,Gomal University,n/a,1000126,n/a,0,n/a,0,n/a,0,n/a,0,n/a,0,Pakistan
1000127,Reporter,Government College Women University Faisalabad,n/a,1000127,n/a,0,n/a,0,n/a,0,n/a,0,n/a,0,Pakistan
1000128,Reporter,"Government College Women University, Sialkot",n/a,1000128,n/a,0,n/a,0,n/a,0,n/a,0,n/a,0,Pakistan
1000129,Reporter,"The Graduate University for Advanced Studies, SOKENDAI",n/a,1000129,n/a,0,n/a,0,n/a,0,n/a,0,n/a,0,Japan
1000130,Reporter,Grodno State Medical University,n/a,1000130,n/a,0,n/a,0,n/a,0,n/a,0,n/a,0,Belarus
1000131,Reporter,Guildhall School of Music and Drama,n/a,1000131,n/a,0,n/a,0,n/a,0,n/a,0,n/a,0,United Kingdom
1000132,Reporter,Hagoromo University of International Studies,n/a,1000132,n/a,0,n/a,0,n/a,0,n/a,0,n/a,0,Japan
1000133,Reporter,Hakuoh University,n/a,1000133,n/a,0,n/a,0,n/a,0,n/a,0,n/a,0,Japan
1000134,Reporter,Häme University of Applied Sciences,n/a,1000134,n/a,0,n/a,0,n/a,0,n/a,0,n/a,0,Finland
1000135,Reporter,Harper Adams University,n/a,1000135,n/a,0,n/a,0,n/a,0,n/a,0,n/a,0,United Kingdom
1000136,Reporter,Hawler Medical University,n/a,1000136,n/a,0,n/a,0,n/a,0,n/a,0,n/a,0,Iraq
1000137,Reporter,Health Sciences University of Hokkaido,n/a,1000137,n/a,0,n/a,0,n/a,0,n/a,0,n/a,0,Japan
1000138,Reporter,"University of Health Sciences, Turkey",n/a,1000138,n/a,0,n/a,0,n/a,0,n/a,0,n/a,0,Turkey
1000139,Reporter,Herzen State Pedagogical University of Russia,n/a,1000139,n/a,0,n/a,0,n/a,0,n/a,0,n/a,0,Russian Federation
1000140,Reporter,University of the Highlands and Islands,n/a,1000140,n/a,0,n/a,0,n/a,0,n/a,0,n/a,0,United Kingdom
1000141,Reporter,Hindustan Institute of Technology and Science,n/a,1000141,n/a,0,n/a,0,n/a,0,n/a,0,n/a,0,India
1000142,Reporter,Hiroshima International University,n/a,1000142,n/a,0,n/a,0,n/a,0,n/a,0,n/a,0,Japan
1000143,Reporter,Hiroshima Shudo University,n/a,1000143,n/a,0,n/a,0,n/a,0,n/a,0,n/a,0,Japan
1000144,Reporter,Hiroshima Institute of Technology,n/a,1000144,n/a,0,n/a,0,n/a,0,n/a,0,n/a,0,Japan
1000145,Reporter,Hitotsubashi University,n/a,1000145,n/a,0,n/a,0,n/a,0,n/a,0,n/a,0,Japan
1000146,Reporter,Hokkaido University of Science,n/a,1000146,n/a,0,n/a,0,n/a,0,n/a,0,n/a,0,Japan
1000147,Reporter,University of Human Development,n/a,1000147,n/a,0,n/a,0,n/a,0,n/a,0,n/a,0,Iraq
1000148,Reporter,Humanitas University,n/a,1000148,n/a,0,n/a,0,n/a,0,n/a,0,n/a,0,Italy
1000149,Reporter,Humboldt State University,n/a,1000149,n/a,0,n/a,0,n/a,0,n/a,0,n/a,0,United States
1000150,Reporter,Hyogo University of Teacher Education,n/a,1000150,n/a,0,n/a,0,n/a,0,n/a,0,n/a,0,Japan
1000151,Reporter,Icesi University,n/a,1000151,n/a,0,n/a,0,n/a,0,n/a,0,n/a,0,Colombia
1000152,Reporter,"The ICFAI University, Jharkhand",n/a,1000152,n/a,0,n/a,0,n/a,0,n/a,0,n/a,0,India
1000153,Reporter,IFHE Hyderabad,n/a,1000153,n/a,0,n/a,0,n/a,0,n/a,0,n/a,0,India
1000154,Reporter,Ilam University of Medical Sciences,n/a,1000154,n/a,0,n/a,0,n/a,0,n/a,0,n/a,0,Iran
1000155,Reporter,Ilma University,n/a,1000155,n/a,0,n/a,0,n/a,0,n/a,0,n/a,0,Pakistan
1000156,Reporter,Imam Ja’afar Al-Sadiq University,n/a,1000156,n/a,0,n/a,0,n/a,0,n/a,0,n/a,0,Iraq
1000157,Reporter,Indira Gandhi Delhi Technical University for Women,n/a,1000157,n/a,0,n/a,0,n/a,0,n/a,0,n/a,0,India
1000158,Reporter,Innopolis University,n/a,1000158,n/a,0,n/a,0,n/a,0,n/a,0,n/a,0,Russian Federation
1000159,Reporter,Institute of Cancer Research,n/a,1000159,n/a,0,n/a,0,n/a,0,n/a,0,n/a,0,United Kingdom
1000160,Reporter,Institute of Telecommunications and Informatics of Turkmenistan,n/a,1000160,n/a,0,n/a,0,n/a,0,n/a,0,n/a,0,Turkmenistan
1000161,Reporter,International Christian University,n/a,1000161,n/a,0,n/a,0,n/a,0,n/a,0,n/a,0,Japan
1000162,Reporter,Ion Mincu University of Architecture and Urbanism,n/a,1000162,n/a,0,n/a,0,n/a,0,n/a,0,n/a,0,Romania
1000163,Reporter,Irkutsk National Research Technical University,n/a,1000163,n/a,0,n/a,0,n/a,0,n/a,0,n/a,0,Russian Federation
1000164,Reporter,Israel Technological University,n/a,1000164,n/a,0,n/a,0,n/a,0,n/a,0,n/a,0,Ecuador
1000165,Reporter,Istanbul Aydın University,n/a,1000165,n/a,0,n/a,0,n/a,0,n/a,0,n/a,0,Turkey
1000166,Reporter,Istanbul Bilgi University,n/a,1000166,n/a,0,n/a,0,n/a,0,n/a,0,n/a,0,Turkey
1000167,Reporter,Ivano Frankivsk National Technical University of Oil and Gas,n/a,1000167,n/a,0,n/a,0,n/a,0,n/a,0,n/a,0,Ukraine
1000168,Reporter,Jabir ibn Hayyan Medical University,n/a,1000168,n/a,0,n/a,0,n/a,0,n/a,0,n/a,0,Iraq
1000169,Reporter,Japan University of Economics,n/a,1000169,n/a,0,n/a,0,n/a,0,n/a,0,n/a,0,Japan
1000170,Reporter,University of Jijel,n/a,1000170,n/a,0,n/a,0,n/a,0,n/a,0,n/a,0,Algeria
1000171,Reporter,Jinnah Sindh Medical University,n/a,1000171,n/a,0,n/a,0,n/a,0,n/a,0,n/a,0,Pakistan
1000172,Reporter,Jouf University,n/a,1000172,n/a,0,n/a,0,n/a,0,n/a,0,n/a,0,Saudi Arabia
1000173,Reporter,Kabardino-Balkarian State University,n/a,1000173,n/a,0,n/a,0,n/a,0,n/a,0,n/a,0,Russian Federation
1000174,Reporter,Kadir Has University,n/a,1000174,n/a,0,n/a,0,n/a,0,n/a,0,n/a,0,Turkey
1000175,Reporter,Kamianets-Podіlskyi Ivan Ohiienko National University,n/a,1000175,n/a,0,n/a,0,n/a,0,n/a,0,n/a,0,Ukraine
1000176,Reporter,Kastamonu University,n/a,1000176,n/a,0,n/a,0,n/a,0,n/a,0,n/a,0,Turkey
1000177,Reporter,Kathmandu University,n/a,1000177,n/a,0,n/a,0,n/a,0,n/a,0,n/a,0,Nepal
1000178,Reporter,Kazakh National Pedagogical University Abai,n/a,1000178,n/a,0,n/a,0,n/a,0,n/a,0,n/a,0,Kazakhstan
1000179,Reporter,Kazan State Medical University,n/a,1000179,n/a,0,n/a,0,n/a,0,n/a,0,n/a,0,Russian Federation
1000180,Reporter,Kazan State Power Engineering University,n/a,1000180,n/a,0,n/a,0,n/a,0,n/a,0,n/a,0,Russian Federation
1000181,Reporter,Keisen University,n/a,1000181,n/a,0,n/a,0,n/a,0,n/a,0,n/a,0,Japan
1000182,Reporter,Kemerovo State University,n/a,1000182,n/a,0,n/a,0,n/a,0,n/a,0,n/a,0,Russian Federation
1000183,Reporter,Kenyatta University,n/a,1000183,n/a,0,n/a,0,n/a,0,n/a,0,n/a,0,Kenya
1000184,Reporter,University of Kerala,n/a,1000184,n/a,0,n/a,0,n/a,0,n/a,0,n/a,0,India
1000185,Reporter,University of Kerbala,n/a,1000185,n/a,0,n/a,0,n/a,0,n/a,0,n/a,0,Iraq
1000186,Reporter,Kermanshah University of Technology,n/a,1000186,n/a,0,n/a,0,n/a,0,n/a,0,n/a,0,Iran
1000187,Reporter,Khazar University,n/a,1000187,n/a,0,n/a,0,n/a,0,n/a,0,n/a,0,Azerbaijan
1000188,Reporter,Khwaja Fareed University of Engineering and Information Technology,n/a,1000188,n/a,0,n/a,0,n/a,0,n/a,0,n/a,0,Pakistan
1000189,Reporter,King Edward Medical University,n/a,1000189,n/a,0,n/a,0,n/a,0,n/a,0,n/a,0,Pakistan
1000190,Reporter,University of Kirkuk,n/a,1000190,n/a,0,n/a,0,n/a,0,n/a,0,n/a,0,Iraq
1000191,Reporter,Kitami Institute of Technology,n/a,1000191,n/a,0,n/a,0,n/a,0,n/a,0,n/a,0,Japan
1000192,Reporter,Kobe Gakuin University,n/a,1000192,n/a,0,n/a,0,n/a,0,n/a,0,n/a,0,Japan
1000193,Reporter,Kobe International University,n/a,1000193,n/a,0,n/a,0,n/a,0,n/a,0,n/a,0,Japan
1000194,Reporter,Kokugakuin University,n/a,1000194,n/a,0,n/a,0,n/a,0,n/a,0,n/a,0,Japan
1000195,Reporter,Komazawa University,n/a,1000195,n/a,0,n/a,0,n/a,0,n/a,0,n/a,0,Japan
1000196,Reporter,Konan University,n/a,1000196,n/a,0,n/a,0,n/a,0,n/a,0,n/a,0,Japan
1000197,Reporter,Konan Women’s University,n/a,1000197,n/a,0,n/a,0,n/a,0,n/a,0,n/a,0,Japan
1000198,Reporter,Konya Technical University,n/a,1000198,n/a,0,n/a,0,n/a,0,n/a,0,n/a,0,Turkey
1000199,Reporter,Korea Aerospace University,n/a,1000199,n/a,0,n/a,0,n/a,0,n/a,0,n/a,0,South Korea
1000200,Reporter,University of Kufa,n/a,1000200,n/a,0,n/a,0,n/a,0,n/a,0,n/a,0,Iraq
1000201,Reporter,Kursk State Medical University,n/a,1000201,n/a,0,n/a,0,n/a,0,n/a,0,n/a,0,Russian Federation
1000202,Reporter,Kütahya Health Sciences University,n/a,1000202,n/a,0,n/a,0,n/a,0,n/a,0,n/a,0,Turkey
1000203,Reporter,Kyiv National Economic University,n/a,1000203,n/a,0,n/a,0,n/a,0,n/a,0,n/a,0,Ukraine
1000204,Reporter,Kyoai Gakuen University,n/a,1000204,n/a,0,n/a,0,n/a,0,n/a,0,n/a,0,Japan
1000205,Reporter,Kyoto Notre Dame University,n/a,1000205,n/a,0,n/a,0,n/a,0,n/a,0,n/a,0,Japan
1000206,Reporter,Kyoto Prefectural University,n/a,1000206,n/a,0,n/a,0,n/a,0,n/a,0,n/a,0,Japan
1000207,Reporter,Lagos State University,n/a,1000207,n/a,0,n/a,0,n/a,0,n/a,0,n/a,0,Nigeria
1000208,Reporter,La Salle University,n/a,1000208,n/a,0,n/a,0,n/a,0,n/a,0,n/a,0,Colombia
1000209,Reporter,University of Las Américas (UDLA),n/a,1000209,n/a,0,n/a,0,n/a,0,n/a,0,n/a,0,Ecuador
1000210,Reporter,Leeds Arts University,n/a,1000210,n/a,0,n/a,0,n/a,0,n/a,0,n/a,0,United Kingdom
1000211,Reporter,Leeds Trinity University,n/a,1000211,n/a,0,n/a,0,n/a,0,n/a,0,n/a,0,United Kingdom
1000212,Reporter,Lesya Ukrainka Volyn National University,n/a,1000212,n/a,0,n/a,0,n/a,0,n/a,0,n/a,0,Ukraine
1000213,Reporter,Lincoln University College,n/a,1000213,n/a,0,n/a,0,n/a,0,n/a,0,n/a,0,Malaysia
1000214,Reporter,Liverpool Hope University,n/a,1000214,n/a,0,n/a,0,n/a,0,n/a,0,n/a,0,United Kingdom
1000215,Reporter,Liverpool Institute for Performing Arts,n/a,1000215,n/a,0,n/a,0,n/a,0,n/a,0,n/a,0,United Kingdom
1000216,Reporter,The LNM Institute of Information Technology,n/a,1000216,n/a,0,n/a,0,n/a,0,n/a,0,n/a,0,India
1000217,Reporter,London Business School,n/a,1000217,n/a,0,n/a,0,n/a,0,n/a,0,n/a,0,United Kingdom
1000218,Reporter,London Metropolitan University,n/a,1000218,n/a,0,n/a,0,n/a,0,n/a,0,n/a,0,United Kingdom
1000219,Reporter,London School of Hygiene and Tropical Medicine,n/a,1000219,n/a,0,n/a,0,n/a,0,n/a,0,n/a,0,United Kingdom
1000220,Reporter,University of Los Lagos,n/a,1000220,n/a,0,n/a,0,n/a,0,n/a,0,n/a,0,Chile
1000221,Reporter,Lusophone University of Humanities and Technologies,n/a,1000221,n/a,0,n/a,0,n/a,0,n/a,0,n/a,0,Portugal
1000222,Reporter,University of Macerata (UNIMC),n/a,1000222,n/a,0,n/a,0,n/a,0,n/a,0,n/a,0,Italy
1000223,Reporter,Universiti Malaysia Kelantan,n/a,1000223,n/a,0,n/a,0,n/a,0,n/a,0,n/a,0,Malaysia
1000224,Reporter,Management Development Institute (MDI),n/a,1000224,n/a,0,n/a,0,n/a,0,n/a,0,n/a,0,India
1000225,Reporter,Management & Science University (MSU),n/a,1000225,n/a,0,n/a,0,n/a,0,n/a,0,n/a,0,Malaysia
1000226,Reporter,University of Management and Technology,n/a,1000226,n/a,0,n/a,0,n/a,0,n/a,0,n/a,0,Pakistan
1000227,Reporter,Maritime University of Szczecin,n/a,1000227,n/a,0,n/a,0,n/a,0,n/a,0,n/a,0,Poland
1000228,Reporter,Universidad Mayor,n/a,1000228,n/a,0,n/a,0,n/a,0,n/a,0,n/a,0,Chile
1000229,Reporter,University of Medellín,n/a,1000229,n/a,0,n/a,0,n/a,0,n/a,0,n/a,0,Colombia
1000230,Reporter,Meiji Gakuin University,n/a,1000230,n/a,0,n/a,0,n/a,0,n/a,0,n/a,0,Japan
1000231,Reporter,Meikai University,n/a,1000231,n/a,0,n/a,0,n/a,0,n/a,0,n/a,0,Japan
1000232,Reporter,Middle Technical University,n/a,1000232,n/a,0,n/a,0,n/a,0,n/a,0,n/a,0,Iraq
1000233,Reporter,Mizoram University,n/a,1000233,n/a,0,n/a,0,n/a,0,n/a,0,n/a,0,India
1000234,Reporter,"MNS University of Agriculture, Multan",n/a,1000234,n/a,0,n/a,0,n/a,0,n/a,0,n/a,0,Pakistan
1000235,Reporter,Modern University for Business and Science,n/a,1000235,n/a,0,n/a,0,n/a,0,n/a,0,n/a,0,Lebanon
1000236,Reporter,University of Monterrey,n/a,1000236,n/a,0,n/a,0,n/a,0,n/a,0,n/a,0,Mexico
1000237,Reporter,Moscow State University of Design and Technology,n/a,1000237,n/a,0,n/a,0,n/a,0,n/a,0,n/a,0,Russian Federation
1000238,Reporter,Russian Biotechnological University (BIOTECH),n/a,1000238,n/a,0,n/a,0,n/a,0,n/a,0,n/a,0,Russian Federation
1000239,Reporter,Moscow State Linguistic University,n/a,1000239,n/a,0,n/a,0,n/a,0,n/a,0,n/a,0,Russian Federation
1000240,Reporter,Moscow State University of Technology (STANKIN),n/a,1000240,n/a,0,n/a,0,n/a,0,n/a,0,n/a,0,Russian Federation
1000241,Reporter,University of Mosul,n/a,1000241,n/a,0,n/a,0,n/a,0,n/a,0,n/a,0,Iraq
1000242,Reporter,October University for Modern Sciences and Arts (MSA),n/a,1000242,n/a,0,n/a,0,n/a,0,n/a,0,n/a,0,Egypt
1000243,Reporter,Mukogawa Women’s University,n/a,1000243,n/a,0,n/a,0,n/a,0,n/a,0,n/a,0,Japan
1000244,Reporter,Musashino University,n/a,1000244,n/a,0,n/a,0,n/a,0,n/a,0,n/a,0,Japan
1000245,Reporter,Mutah University,n/a,1000245,n/a,0,n/a,0,n/a,0,n/a,0,n/a,0,Jordan
1000246,Reporter,Universidad Nacional de Chimborazo,n/a,1000246,n/a,0,n/a,0,n/a,0,n/a,0,n/a,0,Ecuador
1000247,Reporter,Nagoya University of Commerce & Business,n/a,1000247,n/a,0,n/a,0,n/a,0,n/a,0,n/a,0,Japan
1000248,Reporter,Nakhchivan State University,n/a,1000248,n/a,0,n/a,0,n/a,0,n/a,0,n/a,0,Azerbaijan
1000249,Reporter,Nakhon Ratchasima Rajabhat University,n/a,1000249,n/a,0,n/a,0,n/a,0,n/a,0,n/a,0,Thailand
1000250,Reporter,Nara Women’s University,n/a,1000250,n/a,0,n/a,0,n/a,0,n/a,0,n/a,0,Japan
1000251,Reporter,National Agrarian University La Molina,n/a,1000251,n/a,0,n/a,0,n/a,0,n/a,0,n/a,0,Peru
1000252,Reporter,National Aviation University,n/a,1000252,n/a,0,n/a,0,n/a,0,n/a,0,n/a,0,Ukraine
1000253,Reporter,National Institute of Industrial Engineering,n/a,1000253,n/a,0,n/a,0,n/a,0,n/a,0,n/a,0,India
1000254,Reporter,National University Odessa Law Academy,n/a,1000254,n/a,0,n/a,0,n/a,0,n/a,0,n/a,0,Ukraine
1000255,Reporter,The National University of Ostroh Academy,n/a,1000255,n/a,0,n/a,0,n/a,0,n/a,0,n/a,0,Ukraine
1000256,Reporter,National University of Quilmes,n/a,1000256,n/a,0,n/a,0,n/a,0,n/a,0,n/a,0,Argentina
1000257,Reporter,"National University of Science and Technology, Oman",n/a,1000257,n/a,0,n/a,0,n/a,0,n/a,0,n/a,0,Oman
1000258,Reporter,National Transport University,n/a,1000258,n/a,0,n/a,0,n/a,0,n/a,0,n/a,0,Ukraine
1000259,Reporter,National University of Mongolia,n/a,1000259,n/a,0,n/a,0,n/a,0,n/a,0,n/a,0,Mongolia
1000260,Reporter,National University of Water and Environmental Engineering,n/a,1000260,n/a,0,n/a,0,n/a,0,n/a,0,n/a,0,Ukraine
1000261,Reporter,National University “Yuri Kondrautyuk Poltava Polytechnic,n/a,1000261,n/a,0,n/a,0,n/a,0,n/a,0,n/a,0,Ukraine
1000262,Reporter,NED University of Engineering and Technology,n/a,1000262,n/a,0,n/a,0,n/a,0,n/a,0,n/a,0,Pakistan
1000263,Reporter,Newman University,n/a,1000263,n/a,0,n/a,0,n/a,0,n/a,0,n/a,0,United Kingdom
1000264,Reporter,Nihon Pharmaceutical University,n/a,1000264,n/a,0,n/a,0,n/a,0,n/a,0,n/a,0,Japan
1000265,Reporter,Niigata University of Health and Welfare,n/a,1000265,n/a,0,n/a,0,n/a,0,n/a,0,n/a,0,Japan
1000266,Reporter,University of Niigata Prefecture,n/a,1000266,n/a,0,n/a,0,n/a,0,n/a,0,n/a,0,Japan
1000267,Reporter,University of Northampton,n/a,1000267,n/a,0,n/a,0,n/a,0,n/a,0,n/a,0,United Kingdom
1000268,Reporter,North-Caucasus Federal University,n/a,1000268,n/a,0,n/a,0,n/a,0,n/a,0,n/a,0,Russian Federation
1000269,Reporter,Northern Border University,n/a,1000269,n/a,0,n/a,0,n/a,0,n/a,0,n/a,0,Saudi Arabia
1000270,Reporter,Northern Technical University,n/a,1000270,n/a,0,n/a,0,n/a,0,n/a,0,n/a,0,Iraq
1000271,Reporter,Norwich University of the Arts,n/a,1000271,n/a,0,n/a,0,n/a,0,n/a,0,n/a,0,United Kingdom
1000272,Reporter,Notre Dame University Louaize,n/a,1000272,n/a,0,n/a,0,n/a,0,n/a,0,n/a,0,Lebanon
1000273,Reporter,University of Nova Gorica,n/a,1000273,n/a,0,n/a,0,n/a,0,n/a,0,n/a,0,Slovenia
1000274,Reporter,Nueva Granada Military University,n/a,1000274,n/a,0,n/a,0,n/a,0,n/a,0,n/a,0,Colombia
1000275,Reporter,October 6 University,n/a,1000275,n/a,0,n/a,0,n/a,0,n/a,0,n/a,0,Egypt
1000276,Reporter,Ogarev Mordovia State University,n/a,1000276,n/a,0,n/a,0,n/a,0,n/a,0,n/a,0,Russian Federation
1000277,Reporter,Okayama Prefectural University,n/a,1000277,n/a,0,n/a,0,n/a,0,n/a,0,n/a,0,Japan
1000278,Reporter,Université d’Oran 2 Mohamed Ben Ahmed,n/a,1000278,n/a,0,n/a,0,n/a,0,n/a,0,n/a,0,Algeria
1000279,Reporter,Orel State Agrarian University named after N.V. Parahin,n/a,1000279,n/a,0,n/a,0,n/a,0,n/a,0,n/a,0,Russian Federation
1000280,Reporter,ORT Uruguay University,n/a,1000280,n/a,0,n/a,0,n/a,0,n/a,0,n/a,0,Uruguay
1000281,Reporter,Osaka University of Economics and Law,n/a,1000281,n/a,0,n/a,0,n/a,0,n/a,0,n/a,0,Japan
1000282,Reporter,Osaka Ohtani University,n/a,1000282,n/a,0,n/a,0,n/a,0,n/a,0,n/a,0,Japan
1000283,Reporter,Ostrogradsky National University of Kremenchuk,n/a,1000283,n/a,0,n/a,0,n/a,0,n/a,0,n/a,0,Ukraine
1000284,Reporter,Universidad Panamericana (UP),n/a,1000284,n/a,0,n/a,0,n/a,0,n/a,0,n/a,0,Mexico
1000285,Reporter,Universidad Peruana de Ciencias Aplicadas (UPC),n/a,1000285,n/a,0,n/a,0,n/a,0,n/a,0,n/a,0,Peru
1000286,Reporter,Petersburg State Transport University,n/a,1000286,n/a,0,n/a,0,n/a,0,n/a,0,n/a,0,Russian Federation
1000287,Reporter,University of Petra,n/a,1000287,n/a,0,n/a,0,n/a,0,n/a,0,n/a,0,Jordan
1000288,Reporter,Platov South-Russian State Polytechnic University (NPI),n/a,1000288,n/a,0,n/a,0,n/a,0,n/a,0,n/a,0,Russian Federation
1000289,Reporter,Plymouth Marjon University,n/a,1000289,n/a,0,n/a,0,n/a,0,n/a,0,n/a,0,United Kingdom
1000290,Reporter,Poltava V.G. Korolenko National Pedagogical University (PNPU),n/a,1000290,n/a,0,n/a,0,n/a,0,n/a,0,n/a,0,Ukraine
1000291,Reporter,Polytechnic Institute of Setúbal,n/a,1000291,n/a,0,n/a,0,n/a,0,n/a,0,n/a,0,Portugal
1000292,Reporter,Pontificia Universidad Católica del Ecuador,n/a,1000292,n/a,0,n/a,0,n/a,0,n/a,0,n/a,0,Ecuador
1000293,Reporter,Universidad Popular Autónoma del Estado de Puebla,n/a,1000293,n/a,0,n/a,0,n/a,0,n/a,0,n/a,0,Mexico
1000294,Reporter,Prefectural University of Hiroshima,n/a,1000294,n/a,0,n/a,0,n/a,0,n/a,0,n/a,0,Japan
1000295,Reporter,Prince Mohammad Bin Fahd University,n/a,1000295,n/a,0,n/a,0,n/a,0,n/a,0,n/a,0,Saudi Arabia
1000296,Reporter,Princess Nourah bint Abdulrahman University,n/a,1000296,n/a,0,n/a,0,n/a,0,n/a,0,n/a,0,Saudi Arabia
1000297,Reporter,Prince Sultan University (PSU),n/a,1000297,n/a,0,n/a,0,n/a,0,n/a,0,n/a,0,Saudi Arabia
1000298,Reporter,"University of Professional Studies, Accra",n/a,1000298,n/a,0,n/a,0,n/a,0,n/a,0,n/a,0,Ghana
1000299,Reporter,Prydniprovska State Academy of Civil Engineering and Architecture,n/a,1000299,n/a,0,n/a,0,n/a,0,n/a,0,n/a,0,Ukraine
1000300,Reporter,University of Puthisastra,n/a,1000300,n/a,0,n/a,0,n/a,0,n/a,0,n/a,0,Cambodia
1000301,Reporter,Pyatigorsk State University,n/a,1000301,n/a,0,n/a,0,n/a,0,n/a,0,n/a,0,Russian Federation
1000302,Reporter,Queen Margaret University,n/a,1000302,n/a,0,n/a,0,n/a,0,n/a,0,n/a,0,United Kingdom
1000303,Reporter,Rajamangala University of Technology Lanna,n/a,1000303,n/a,0,n/a,0,n/a,0,n/a,0,n/a,0,Thailand
1000304,Reporter,Ravensbourne,n/a,1000304,n/a,0,n/a,0,n/a,0,n/a,0,n/a,0,United Kingdom
1000305,Reporter,Rawalpindi Medical University,n/a,1000305,n/a,0,n/a,0,n/a,0,n/a,0,n/a,0,Pakistan
1000306,Reporter,Ritsumeikan Asia Pacific University (APU),n/a,1000306,n/a,0,n/a,0,n/a,0,n/a,0,n/a,0,Japan
1000307,Reporter,The Rockefeller University,n/a,1000307,n/a,0,n/a,0,n/a,0,n/a,0,n/a,0,United States
1000308,Reporter,Rose Bruford College,n/a,1000308,n/a,0,n/a,0,n/a,0,n/a,0,n/a,0,United Kingdom
1000309,Reporter,Rostov State University of Economics,n/a,1000309,n/a,0,n/a,0,n/a,0,n/a,0,n/a,0,Russian Federation
1000310,Reporter,Royal Academy of Music,n/a,1000310,n/a,0,n/a,0,n/a,0,n/a,0,n/a,0,United Kingdom
1000311,Reporter,Royal Agricultural University,n/a,1000311,n/a,0,n/a,0,n/a,0,n/a,0,n/a,0,United Kingdom
1000312,Reporter,"Royal Central School of Speech and Drama, University of London",n/a,1000312,n/a,0,n/a,0,n/a,0,n/a,0,n/a,0,United Kingdom
1000313,Reporter,Royal College of Art,n/a,1000313,n/a,0,n/a,0,n/a,0,n/a,0,n/a,0,United Kingdom
1000314,Reporter,Royal College of Music,n/a,1000314,n/a,0,n/a,0,n/a,0,n/a,0,n/a,0,United Kingdom
1000315,Reporter,Royal Conservatoire of Scotland,n/a,1000315,n/a,0,n/a,0,n/a,0,n/a,0,n/a,0,United Kingdom
1000316,Reporter,Royal Northern College of Music,n/a,1000316,n/a,0,n/a,0,n/a,0,n/a,0,n/a,0,United Kingdom
1000317,Reporter,Russian University of State for Social (RUSS),n/a,1000317,n/a,0,n/a,0,n/a,0,n/a,0,n/a,0,Russian Federation
1000318,Reporter,Ryazan State Medical University,n/a,1000318,n/a,0,n/a,0,n/a,0,n/a,0,n/a,0,Russian Federation
1000319,Reporter,University of Sadat City,n/a,1000319,n/a,0,n/a,0,n/a,0,n/a,0,n/a,0,Egypt
1000320,Reporter,Saint Petersburg State Pediatric Medical University,n/a,1000320,n/a,0,n/a,0,n/a,0,n/a,0,n/a,0,Russian Federation
1000321,Reporter,Saint Petersburg State University of Architecture and Civil Engineering,n/a,1000321,n/a,0,n/a,0,n/a,0,n/a,0,n/a,0,Russian Federation
1000322,Reporter,"Saint Thomas University, Colombia",n/a,1000322,n/a,0,n/a,0,n/a,0,n/a,0,n/a,0,Colombia
1000323,Reporter,Samara State Medical University,n/a,1000323,n/a,0,n/a,0,n/a,0,n/a,0,n/a,0,Russian Federation
1000324,Reporter,Universidad San Ignacio de Loyola,n/a,1000324,n/a,0,n/a,0,n/a,0,n/a,0,n/a,0,Peru
1000325,Reporter,University of San Martín de Porres,n/a,1000325,n/a,0,n/a,0,n/a,0,n/a,0,n/a,0,Peru
1000326,Reporter,University of Santander,n/a,1000326,n/a,0,n/a,0,n/a,0,n/a,0,n/a,0,Colombia
1000327,Reporter,Sapporo Gakuin University,n/a,1000327,n/a,0,n/a,0,n/a,0,n/a,0,n/a,0,Japan
1000328,Reporter,Saratov State Medical University,n/a,1000328,n/a,0,n/a,0,n/a,0,n/a,0,n/a,0,Russian Federation
1000329,Reporter,Sasin School of Management,n/a,1000329,n/a,0,n/a,0,n/a,0,n/a,0,n/a,0,Thailand
1000330,Reporter,Satya Wacana Christian University,n/a,1000330,n/a,0,n/a,0,n/a,0,n/a,0,n/a,0,Indonesia
1000331,Reporter,Saudi Electronic University,n/a,1000331,n/a,0,n/a,0,n/a,0,n/a,0,n/a,0,Saudi Arabia
1000332,Reporter,SBS Swiss Business School,n/a,1000332,n/a,0,n/a,0,n/a,0,n/a,0,n/a,0,Switzerland
1000333,Reporter,Universidad Científica del Sur,n/a,1000333,n/a,0,n/a,0,n/a,0,n/a,0,n/a,0,Peru
1000334,Reporter,Seinan Gakuin University,n/a,1000334,n/a,0,n/a,0,n/a,0,n/a,0,n/a,0,Japan
1000335,Reporter,Seisa Dohto University,n/a,1000335,n/a,0,n/a,0,n/a,0,n/a,0,n/a,0,Japan
1000336,Reporter,Senshu University,n/a,1000336,n/a,0,n/a,0,n/a,0,n/a,0,n/a,0,Japan
1000337,Reporter,University of La Serena,n/a,1000337,n/a,0,n/a,0,n/a,0,n/a,0,n/a,0,Chile
1000338,Reporter,Setsunan University,n/a,1000338,n/a,0,n/a,0,n/a,0,n/a,0,n/a,0,Japan
1000339,Reporter,SGH Warsaw School of Economics,n/a,1000339,n/a,0,n/a,0,n/a,0,n/a,0,n/a,0,Poland
1000340,Reporter,The University of Shiga Prefecture,n/a,1000340,n/a,0,n/a,0,n/a,0,n/a,0,n/a,0,Japan
1000341,Reporter,Shonan Institute of Technology,n/a,1000341,n/a,0,n/a,0,n/a,0,n/a,0,n/a,0,Japan
1000342,Reporter,Shoolini University of Biotechnology and Management Sciences,n/a,1000342,n/a,0,n/a,0,n/a,0,n/a,0,n/a,0,India
1000343,Reporter,Shri Mata Vaishno Devi University,n/a,1000343,n/a,0,n/a,0,n/a,0,n/a,0,n/a,0,India
1000344,Reporter,Siberian State Industrial University,n/a,1000344,n/a,0,n/a,0,n/a,0,n/a,0,n/a,0,Russian Federation
1000345,Reporter,Silesian University in Opava,n/a,1000345,n/a,0,n/a,0,n/a,0,n/a,0,n/a,0,Czech Republic
1000346,Reporter,Simón Bolívar University (Colombia),n/a,1000346,n/a,0,n/a,0,n/a,0,n/a,0,n/a,0,Colombia
1000347,Reporter,Skolkovo Institute of Science and Technology (Skoltech),n/a,1000347,n/a,0,n/a,0,n/a,0,n/a,0,n/a,0,Russian Federation
1000348,Reporter,Sohar University,n/a,1000348,n/a,0,n/a,0,n/a,0,n/a,0,n/a,0,Oman
1000349,Reporter,Soka University,n/a,1000349,n/a,0,n/a,0,n/a,0,n/a,0,n/a,0,Japan
1000350,Reporter,"Solent University, Southampton",n/a,1000350,n/a,0,n/a,0,n/a,0,n/a,0,n/a,0,United Kingdom
1000351,Reporter,Soran University,n/a,1000351,n/a,0,n/a,0,n/a,0,n/a,0,n/a,0,Iraq
1000352,Reporter,University of South Santa Catarina (Unisul),n/a,1000352,n/a,0,n/a,0,n/a,0,n/a,0,n/a,0,Brazil
1000353,Reporter,Sri Lanka Institute of Information Technology,n/a,1000353,n/a,0,n/a,0,n/a,0,n/a,0,n/a,0,Sri Lanka
1000354,Reporter,State University of Bahia,n/a,1000354,n/a,0,n/a,0,n/a,0,n/a,0,n/a,0,Brazil
1000355,Reporter,St Luke’s International University,n/a,1000355,n/a,0,n/a,0,n/a,0,n/a,0,n/a,0,Japan
1000356,Reporter,"St Mary’s University College, Belfast",n/a,1000356,n/a,0,n/a,0,n/a,0,n/a,0,n/a,0,United Kingdom
1000357,Reporter,"St Mary’s University, Twickenham",n/a,1000357,n/a,0,n/a,0,n/a,0,n/a,0,n/a,0,United Kingdom
1000358,Reporter,Stranmillis University College,n/a,1000358,n/a,0,n/a,0,n/a,0,n/a,0,n/a,0,United Kingdom
1000359,Reporter,Suez University,n/a,1000359,n/a,0,n/a,0,n/a,0,n/a,0,n/a,0,Egypt
1000360,Reporter,University of Suffolk,n/a,1000360,n/a,0,n/a,0,n/a,0,n/a,0,n/a,0,United Kingdom
1000361,Reporter,Sugiyama Jogakuen University,n/a,1000361,n/a,0,n/a,0,n/a,0,n/a,0,n/a,0,Japan
1000362,Reporter,Universitas Sumatera Utara,n/a,1000362,n/a,0,n/a,0,n/a,0,n/a,0,n/a,0,Indonesia
1000363,Reporter,University of Sunderland,n/a,1000363,n/a,0,n/a,0,n/a,0,n/a,0,n/a,0,United Kingdom
1000364,Reporter,University of Taipei,n/a,1000364,n/a,0,n/a,0,n/a,0,n/a,0,n/a,0,Taiwan
1000365,Reporter,Takushoku University,n/a,1000365,n/a,0,n/a,0,n/a,0,n/a,0,n/a,0,Japan
1000366,Reporter,Tama Art University,n/a,1000366,n/a,0,n/a,0,n/a,0,n/a,0,n/a,0,Japan
1000367,Reporter,Tarbiat Modares University,n/a,1000367,n/a,0,n/a,0,n/a,0,n/a,0,n/a,0,Iran
1000368,Reporter,Tashkent Institute of Finance,n/a,1000368,n/a,0,n/a,0,n/a,0,n/a,0,n/a,0,Uzbekistan
1000369,Reporter,Tashkent Institute of Irrigation and Agricultural Mechanisation,n/a,1000369,n/a,0,n/a,0,n/a,0,n/a,0,n/a,0,Uzbekistan
1000370,Reporter,Tashkent Medical Academy,n/a,1000370,n/a,0,n/a,0,n/a,0,n/a,0,n/a,0,Uzbekistan
1000371,Reporter,Tashkent Pediatric Medical Institute,n/a,1000371,n/a,0,n/a,0,n/a,0,n/a,0,n/a,0,Uzbekistan
1000372,Reporter,Tashkent Pharmaceutical Institute,n/a,1000372,n/a,0,n/a,0,n/a,0,n/a,0,n/a,0,Uzbekistan
1000373,Reporter,Tashkent State University of Economics,n/a,1000373,n/a,0,n/a,0,n/a,0,n/a,0,n/a,0,Uzbekistan
1000374,Reporter,Tashkent State University of Law,n/a,1000374,n/a,0,n/a,0,n/a,0,n/a,0,n/a,0,Uzbekistan
1000375,Reporter,Tata Institute of Fundamental Research,n/a,1000375,n/a,0,n/a,0,n/a,0,n/a,0,n/a,0,India
1000376,Reporter,Tatung University,n/a,1000376,n/a,0,n/a,0,n/a,0,n/a,0,n/a,0,Taiwan
1000377,Reporter,Technological University of Pereira,n/a,1000377,n/a,0,n/a,0,n/a,0,n/a,0,n/a,0,Colombia
1000378,Reporter,Tecmilenio University,n/a,1000378,n/a,0,n/a,0,n/a,0,n/a,0,n/a,0,Mexico
1000379,Reporter,Universidad Tecnológica de Bolívar,n/a,1000379,n/a,0,n/a,0,n/a,0,n/a,0,n/a,0,Colombia
1000380,Reporter,Instituto Tecnológico de Buenos Aires (ITBA),n/a,1000380,n/a,0,n/a,0,n/a,0,n/a,0,n/a,0,Argentina
1000381,Reporter,Tecnológico de Costa Rica,n/a,1000381,n/a,0,n/a,0,n/a,0,n/a,0,n/a,0,Costa Rica
1000382,Reporter,Instituto Tecnológico Metropolitano,n/a,1000382,n/a,0,n/a,0,n/a,0,n/a,0,n/a,0,Colombia
1000383,Reporter,Teikyo Heisei University,n/a,1000383,n/a,0,n/a,0,n/a,0,n/a,0,n/a,0,Japan
1000384,Reporter,Temuco Catholic University,n/a,1000384,n/a,0,n/a,0,n/a,0,n/a,0,n/a,0,Chile
1000385,Reporter,Tenri University,n/a,1000385,n/a,0,n/a,0,n/a,0,n/a,0,n/a,0,Japan
1000386,Reporter,Texas A&M University-Commerce,n/a,1000386,n/a,0,n/a,0,n/a,0,n/a,0,n/a,0,United States
1000387,Reporter,University of the Thai Chamber of Commerce,n/a,1000387,n/a,0,n/a,0,n/a,0,n/a,0,n/a,0,Thailand
1000388,Reporter,The University of Danang,n/a,1000388,n/a,0,n/a,0,n/a,0,n/a,0,n/a,0,Vietnam
1000389,Reporter,Tikrit University,n/a,1000389,n/a,0,n/a,0,n/a,0,n/a,0,n/a,0,Iraq
1000390,Reporter,Togliatti State University,n/a,1000390,n/a,0,n/a,0,n/a,0,n/a,0,n/a,0,Russian Federation
1000391,Reporter,Tohoku Gakuin University,n/a,1000391,n/a,0,n/a,0,n/a,0,n/a,0,n/a,0,Japan
1000392,Reporter,Tokyo University of Foreign Studies,n/a,1000392,n/a,0,n/a,0,n/a,0,n/a,0,n/a,0,Japan
1000393,Reporter,Tokyo University of Technology,n/a,1000393,n/a,0,n/a,0,n/a,0,n/a,0,n/a,0,Japan
1000394,Reporter,Torcuato Di Tella University,n/a,1000394,n/a,0,n/a,0,n/a,0,n/a,0,n/a,0,Argentina
1000395,Reporter,Toyama Prefectural University,n/a,1000395,n/a,0,n/a,0,n/a,0,n/a,0,n/a,0,Japan
1000396,Reporter,Trinity Laban Conservatoire of Music and Dance,n/a,1000396,n/a,0,n/a,0,n/a,0,n/a,0,n/a,0,United Kingdom
1000397,Reporter,University of Tripoli,n/a,1000397,n/a,0,n/a,0,n/a,0,n/a,0,n/a,0,Libya
1000398,Reporter,Tsuru University,n/a,1000398,n/a,0,n/a,0,n/a,0,n/a,0,n/a,0,Japan
1000399,Reporter,Turin Polytechnic University in Tashkent,n/a,1000399,n/a,0,n/a,0,n/a,0,n/a,0,n/a,0,Uzbekistan
1000400,Reporter,Tver State University,n/a,1000400,n/a,0,n/a,0,n/a,0,n/a,0,n/a,0,Russian Federation
1000401,Reporter,Tver State Technical University,n/a,1000401,n/a,0,n/a,0,n/a,0,n/a,0,n/a,0,Russian Federation
1000402,Reporter,Ubon Ratchathani University,n/a,1000402,n/a,0,n/a,0,n/a,0,n/a,0,n/a,0,Thailand
1000403,Reporter,"UEES, Espiritu Santo University",n/a,1000403,n/a,0,n/a,0,n/a,0,n/a,0,n/a,0,Ecuador
1000404,Reporter,Ufa State Petroleum Technological University,n/a,1000404,n/a,0,n/a,0,n/a,0,n/a,0,n/a,0,Russian Federation
1000405,Reporter,Ulyanovsk State University,n/a,1000405,n/a,0,n/a,0,n/a,0,n/a,0,n/a,0,Russian Federation
1000406,Reporter,Ulyanovsk State Technical University,n/a,1000406,n/a,0,n/a,0,n/a,0,n/a,0,n/a,0,Russian Federation
1000407,Reporter,Unichristus,n/a,1000407,n/a,0,n/a,0,n/a,0,n/a,0,n/a,0,Brazil
1000408,Reporter,United International University,n/a,1000408,n/a,0,n/a,0,n/a,0,n/a,0,n/a,0,Bangladesh
1000409,Reporter,Universidad del Pacífico Ecuador,n/a,1000409,n/a,0,n/a,0,n/a,0,n/a,0,n/a,0,Ecuador
1000410,Reporter,Universidade Federal de Jataí (UFJ),n/a,1000410,n/a,0,n/a,0,n/a,0,n/a,0,n/a,0,Brazil
1000411,Reporter,Universitas Negeri Surabaya,n/a,1000411,n/a,0,n/a,0,n/a,0,n/a,0,n/a,0,Indonesia
1000412,Reporter,University of Mostar,n/a,1000412,n/a,0,n/a,0,n/a,0,n/a,0,n/a,0,Bosnia and Herzegovina
1000413,Reporter,University of Namibia,n/a,1000413,n/a,0,n/a,0,n/a,0,n/a,0,n/a,0,Namibia
1000414,Reporter,UNNOBA,n/a,1000414,n/a,0,n/a,0,n/a,0,n/a,0,n/a,0,Argentina
1000415,Reporter,Urgench State University,n/a,1000415,n/a,0,n/a,0,n/a,0,n/a,0,n/a,0,Uzbekistan
1000416,Reporter,Uruk University,n/a,1000416,n/a,0,n/a,0,n/a,0,n/a,0,n/a,0,Iraq
1000417,Reporter,Uşak University,n/a,1000417,n/a,0,n/a,0,n/a,0,n/a,0,n/a,0,Turkey
1000418,Reporter,Üsküdar University,n/a,1000418,n/a,0,n/a,0,n/a,0,n/a,0,n/a,0,Turkey
1000419,Reporter,Universidad UTE,n/a,1000419,n/a,0,n/a,0,n/a,0,n/a,0,n/a,0,Ecuador
1000420,Reporter,National University of Uzbekistan named after Mirzo Ulugbek,n/a,1000420,n/a,0,n/a,0,n/a,0,n/a,0,n/a,0,Uzbekistan
1000421,Reporter,Uzhhorod National University,n/a,1000421,n/a,0,n/a,0,n/a,0,n/a,0,n/a,0,Ukraine
1000422,Reporter,Valahia University of Targoviste,n/a,1000422,n/a,0,n/a,0,n/a,0,n/a,0,n/a,0,Romania
1000423,Reporter,University of Vale do Itajaí,n/a,1000423,n/a,0,n/a,0,n/a,0,n/a,0,n/a,0,Brazil
1000424,Reporter,Varna University of Management,n/a,1000424,n/a,0,n/a,0,n/a,0,n/a,0,n/a,0,Bulgaria
1000425,Reporter,Vila Velha University,n/a,1000425,n/a,0,n/a,0,n/a,0,n/a,0,n/a,0,Brazil
1000426,Reporter,Vitebsk State Medical University,n/a,1000426,n/a,0,n/a,0,n/a,0,n/a,0,n/a,0,Belarus
1000427,Reporter,V.I. Vernadsky Crimean Federal University (Vernadsky CFU),n/a,1000427,n/a,0,n/a,0,n/a,0,n/a,0,n/a,0,Ukraine
1000428,Reporter,Volgograd State University,n/a,1000428,n/a,0,n/a,0,n/a,0,n/a,0,n/a,0,Russian Federation
1000429,Reporter,Voronezh State Technical University,n/a,1000429,n/a,0,n/a,0,n/a,0,n/a,0,n/a,0,Russian Federation
1000430,Reporter,Walailak University,n/a,1000430,n/a,0,n/a,0,n/a,0,n/a,0,n/a,0,Thailand
1000431,Reporter,University of Wales,n/a,1000431,n/a,0,n/a,0,n/a,0,n/a,0,n/a,0,United Kingdom
1000432,Reporter,University of Wales Trinity Saint David,n/a,1000432,n/a,0,n/a,0,n/a,0,n/a,0,n/a,0,United Kingdom
1000433,Reporter,Western Caspian University,n/a,1000433,n/a,0,n/a,0,n/a,0,n/a,0,n/a,0,Azerbaijan
1000434,Reporter,University of West London,n/a,1000434,n/a,0,n/a,0,n/a,0,n/a,0,n/a,0,United Kingdom
1000435,Reporter,West Ukrainian National University,n/a,1000435,n/a,0,n/a,0,n/a,0,n/a,0,n/a,0,Ukraine
1000436,Reporter,WHU: Beisheim,n/a,1000436,n/a,0,n/a,0,n/a,0,n/a,0,n/a,0,Germany
1000437,Reporter,University of Winchester,n/a,1000437,n/a,0,n/a,0,n/a,0,n/a,0,n/a,0,United Kingdom
1000438,Reporter,The Women University Multan,n/a,1000438,n/a,0,n/a,0,n/a,0,n/a,0,n/a,0,Pakistan
1000439,Reporter,University of Worcester,n/a,1000439,n/a,0,n/a,0,n/a,0,n/a,0,n/a,0,United Kingdom
1000440,Reporter,World University of Bangladesh (WUB),n/a,1000440,n/a,0,n/a,0,n/a,0,n/a,0,n/a,0,Bangladesh
1000441,Reporter,Wrexham Glyndwr University,n/a,1000441,n/a,0,n/a,0,n/a,0,n/a,0,n/a,0,United Kingdom
1000442,Reporter,Writtle University College,n/a,1000442,n/a,0,n/a,0,n/a,0,n/a,0,n/a,0,United Kingdom
1000443,Reporter,WSB Academy,n/a,1000443,n/a,0,n/a,0,n/a,0,n/a,0,n/a,0,Poland
1000444,Reporter,Yamaguchi Prefectural University,n/a,1000444,n/a,0,n/a,0,n/a,0,n/a,0,n/a,0,Japan
1000445,Reporter,Yamanashi Gakuin University,n/a,1000445,n/a,0,n/a,0,n/a,0,n/a,0,n/a,0,Japan
1000446,Reporter,Yaşar University,n/a,1000446,n/a,0,n/a,0,n/a,0,n/a,0,n/a,0,Turkey
1000447,Reporter,Yenepoya University,n/a,1000447,n/a,0,n/a,0,n/a,0,n/a,0,n/a,0,India
1000448,Reporter,Yogyakarta State University,n/a,1000448,n/a,0,n/a,0,n/a,0,n/a,0,n/a,0,Indonesia
1000449,Reporter,York St John University,n/a,1000449,n/a,0,n/a,0,n/a,0,n/a,0,n/a,0,United Kingdom
1000450,Reporter,Ziauddin University,n/a,1000450,n/a,0,n/a,0,n/a,0,n/a,0,n/a,0,Pakistan